type,person_id,date,image_url,place_term_id,person_thesaurus_term_id,predecessor_id,comment
Entrée,2,,,,336,,
Entrée,4,,,,336,,
Entrée,5,,,,336,,
Entrée,8,,,,336,,
Entrée,13,,,,166,,
Entrée,18,,,,336,,
Entrée,23,,,,336,,
Entrée,24,,,,166,,
Entrée,36,,,,166,,
Entrée,38,,,,336,,
Entrée,39,,,,167,,
Entrée,41,,,,336,,
Entrée,47,,,,336,,
Entrée,49,,,,166,,
Entrée,50,,,,167,,
Entrée,50,1461,,,336,,
Entrée,52,,,,166,,
Entrée,52,,,,167,,
Entrée,52,1451-09-18,,,336,,
Entrée,54,,,,166,,
Entrée,72,,,,336,,
Entrée,75,,,,165,,
Entrée,75,,,,166,,
Entrée,79,,,,336,,
Entrée,83,,,,167,,
Entrée,103,,,,167,,
Entrée,105,,,,164,,
Entrée,105,1456,,,165,,
Entrée,117,,,,336,,
Entrée,121,,,,166,,
Entrée,123,,,,336,,
Entrée,128,,,,336,,
Entrée,130,,,,336,,
Entrée,131,,,,336,,
Entrée,134,,,,336,,
Entrée,135,,,,336,,
Entrée,137,,,,166,,
Entrée,137,1477,,,167,,
Entrée,138,,,,165,,
Entrée,138,1451-09-18,,,166,,
Entrée,139,,,,166,,
Entrée,142,,,,336,,
Entrée,144,,,,336,,
Entrée,145,,,,336,,
Entrée,146,,,,336,,
Entrée,148,,,,336,,
Entrée,152,,,,164,,
Entrée,167,,,,336,,
Entrée,169,,,,336,,
Entrée,176,,,,336,,
Entrée,178,,,,336,,
Entrée,181,,,,336,,
Entrée,188,,,,336,,
Entrée,194,,,,336,,
Entrée,196,,,,167,,
Entrée,202,,,,336,,
Entrée,204,,,,166,,
Entrée,205,,,,166,,
Entrée,222,,,,336,,
Entrée,223,,,,336,,
Entrée,227,,,,167,,
Entrée,230,,,,164,,
Entrée,235,,,,336,,
Entrée,243,,,,166,,
Entrée,251,,,,336,,
Entrée,253,,,,336,,
Entrée,254,,,,336,,
Entrée,255,,,,336,,
Entrée,257,,,,336,,
Entrée,258,1399-01,,,170,,
Entrée,259,,,,336,,
Entrée,263,,,,336,,
Entrée,265,,,,167,,
Entrée,266,,,,336,,
Entrée,267,,,,164,,
Entrée,269,,,,336,,
Entrée,270,,,,336,,
Entrée,276,,,,166,,
Entrée,276,,,,336,,
Entrée,278,,,,336,,
Entrée,286,,,,336,,
Entrée,289,,,,166,,
Entrée,290,,,,166,,
Entrée,294,,,,336,,
Entrée,296,,,,166,,
Entrée,297,,,,336,,
Entrée,298,,,,166,,
Entrée,300,,,,336,,
Entrée,305,,,,166,,
Entrée,307,,,,336,,
Entrée,308,1451-06-19,,,165,,
Entrée,308,1452-06-03,,,336,,
Entrée,313,,,,167,,
Entrée,315,,,,166,,
Entrée,315,,,,336,,
Entrée,317,,,,336,,
Entrée,318,,,,336,,
Entrée,319,,,,336,,
Entrée,320,1453,,,166,,
Entrée,322,,,,336,,
Entrée,323,,,,336,,
Entrée,324,,,,336,,
Entrée,330,,,,336,,
Entrée,331,,,,336,,
Entrée,332,,,,336,,
Entrée,335,1441,,,336,,
Entrée,337,,,,336,,
Entrée,339,,,,336,,
Entrée,341,,,,167,,
Entrée,341,1452,,,336,,
Entrée,343,,,,336,,
Entrée,345,,,,167,,
Entrée,349,,,,336,,
Entrée,353,,,,336,,
Entrée,354,,,,336,,
Entrée,356,,,,336,,
Entrée,366,,,,336,,
Entrée,367,,,,336,,
Entrée,370,,,,336,,
Entrée,372,,,,336,,
Entrée,376,1452-06-03,,,336,,
Entrée,380,,,,167,,
Entrée,380,,,,336,,
Entrée,387,,,,336,,
Entrée,394,,,,336,,
Entrée,398,,,,336,,
Entrée,401,1467,,,166,,
Entrée,404,,,,336,,
Entrée,406,,,,336,,
Entrée,407,,,,336,,
Entrée,409,,,,336,,
Entrée,417,,,,166,,
Entrée,418,,,,167,,
Entrée,423,,,,336,,
Entrée,427,,,,336,,
Entrée,428,,,,336,,
Entrée,430,,,,336,,
Entrée,440,1454,,,166,,
Entrée,441,1426,,,336,,
Entrée,448,,,,336,,
Entrée,453,,,,336,,
Entrée,455,,,,166,,
Entrée,462,,,,336,,
Entrée,463,,,,167,,
Entrée,464,,,,336,,
Entrée,466,1468,,,167,,
Entrée,468,,,,336,,
Entrée,472,,,,336,,
Entrée,480,,,,336,,
Entrée,481,,,,336,,
Entrée,492,,,,165,,
Entrée,492,,,,166,,
Entrée,500,,,,336,,
Entrée,503,,,,166,,
Entrée,503,,,,336,,
Entrée,506,,,,166,,
Entrée,507,,,,164,,
Entrée,507,,,,166,,
Entrée,508,,,,164,,
Entrée,513,,,,336,,
Entrée,515,,,,167,,
Entrée,517,,,,336,,
Entrée,524,,,,166,,
Entrée,527,,,,336,,
Entrée,527,,,,336,,
Entrée,528,,,,336,,
Entrée,528,,,,336,,
Entrée,532,,,,336,,
Entrée,540,,,,336,,
Entrée,541,,,,336,,
Entrée,546,,,,336,,
Entrée,551,1449,,,167,,
Entrée,551,1450,,,336,,
Entrée,552,,,,336,,
Entrée,553,,,,166,,
Entrée,553,,,,336,,
Entrée,556,,,,336,,
Entrée,557,,,,336,,
Entrée,559,,,,336,,
Entrée,562,,,,167,,
Entrée,564,1441,,,167,,
Entrée,564,1441,,,336,,
Entrée,571,,,,336,,
Entrée,576,,,,336,,
Entrée,582,,,,336,,
Entrée,587,,,,336,,
Entrée,590,,,,336,,
Entrée,596,,,,167,,
Entrée,597,,,,336,,
Entrée,598,,,,336,,
Entrée,602,,,,336,,
Entrée,604,1441,,,336,,
Entrée,605,1399-01,,,170,,
Entrée,607,,,,166,,
Entrée,608,,,,336,,
Entrée,609,,,,166,,
Entrée,612,,,,336,,
Entrée,613,,,,166,,
Entrée,614,,,,336,,
Entrée,614,,,,336,,
Entrée,615,,,,336,,
Entrée,615,,,,336,,
Entrée,617,,,,166,,
Entrée,618,,,,336,,
Entrée,619,,,,336,,
Entrée,621,,,,336,,
Entrée,622,,,,336,,
Entrée,626,,,,336,,
Entrée,634,1399-01-08,,,170,,
Entrée,634,1436-06-14,,,336,,
Entrée,635,1452-06-03,,,166,,
Entrée,635,,,,336,,
Entrée,637,,,,336,,
Entrée,640,,,,336,,
Entrée,641,,,,336,,
Entrée,642,,,,336,,
Entrée,651,,,,336,,
Entrée,653,,,,164,,
Entrée,656,,,,336,,
Entrée,657,,,,336,,
Entrée,660,,,,167,,
Entrée,662,,,,164,,
Entrée,662,1445,,,165,,
Entrée,662,1447,,,166,,
Entrée,662,1447,,,167,,
Entrée,662,1448,,,336,,
Entrée,665,,,,336,,
Entrée,671,,,,336,,
Entrée,672,,,,336,,
Entrée,674,,,,336,,
Entrée,683,,,,336,,
Entrée,697,,,,336,,
Entrée,699,,,,336,,
Entrée,702,,,,336,,
Entrée,704,,,,336,,
Entrée,707,,,,167,,
Entrée,708,,,,336,,
Entrée,709,,,,167,,
Entrée,710,,,,336,,
Entrée,716,,,,166,,
Entrée,718,,,,336,,
Entrée,719,,,,166,,
Entrée,728,,,,167,,
Entrée,729,,,,336,,
Entrée,732,1399-01,,,170,,
Entrée,732,1436-01,,,336,,
Entrée,735,,,,336,,
Entrée,738,1399-01,,,170,,
Entrée,740,,,,336,,
Entrée,741,,,,167,,
Entrée,742,,,,336,,
Entrée,748,,,,167,,
Entrée,750,,,,166,,
Entrée,750,,,,336,,
Entrée,756,,,,166,,
Entrée,757,,,,336,,
Entrée,758,,,,336,,
Entrée,761,,,,336,,
Entrée,763,,,,336,,
Entrée,764,,,,166,,
Entrée,767,,,,336,,
Entrée,770,,,,336,,
Entrée,772,,,,336,,
Entrée,775,,,,166,,
Entrée,775,,,,167,,
Entrée,776,,,,165,,
Entrée,776,1452-03-04,,,166,,
Entrée,776,1462-04-03,,,167,,
Entrée,776,,,,336,,
Entrée,777,,,,336,,
Entrée,778,,,,336,,
Entrée,780,,,,166,,
Entrée,784,,,,336,,
Entrée,788,,,,336,,
Entrée,792,,,,336,,
Entrée,793,,,,166,,
Entrée,794,,,,336,,
Entrée,797,,,,167,,
Entrée,798,,,,336,,
Entrée,799,,,,336,,
Entrée,805,1399-01,,,170,,
Entrée,806,,,,336,,
Entrée,811,1451,,,336,,
Entrée,812,,,,336,,
Entrée,812,,,,336,,
Entrée,813,,,,336,,
Entrée,813,,,,336,,
Entrée,818,,,,336,,
Entrée,820,,,,336,,
Entrée,822,,,,167,,
Entrée,823,,,,336,,
Entrée,825,,,,336,,
Entrée,826,,,,336,,
Entrée,832,,,,336,,
Entrée,835,,,,336,,
Entrée,838,,,,336,,
Entrée,839,,,,336,,
Entrée,843,,,,336,,
Entrée,844,,,,167,,
Entrée,845,,,,336,,
Entrée,846,,,,336,,
Entrée,850,,,,336,,
Entrée,851,,,,336,,
Entrée,853,,,,336,,
Entrée,854,,,,336,,
Entrée,2,,,,142,,
Entrée,3,,,,142,,
Entrée,3,1394,,,163,,
Sortie,3,1420,,,163,,
Entrée,5,1415,,,164,,
Sortie,5,1428,,,164,,
Entrée,10,,,,142,,
Entrée,10,1389,,,162,,
Sortie,10,1395,,,162,,
Entrée,20,,,,348,,
Entrée,22,,,,348,,
Entrée,23,,,,142,,
Entrée,23,1481,,,160,,
Sortie,23,1490,,,160,,
Entrée,23,,,,325,,
Entrée,27,,,,316,,
Entrée,28,,,,142,,
Entrée,28,1331,,,160,,
Sortie,28,1340,,,160,,
Entrée,32,,,,286,,
Entrée,33,,,,142,,
Entrée,33,1321,,,156,,
Sortie,33,1331,,,156,,
Entrée,34,,,,271,,
Entrée,34,,,,282,,
Entrée,37,,,,177,,
Entrée,39,,,,142,,
Entrée,40,,,,142,,
Entrée,41,,,,231,,
Entrée,46,,,,142,,
Entrée,46,1336,,,162,,
Sortie,46,1349,,,162,,
Entrée,47,,,,143,,
Entrée,47,1436,,,219,,
Entrée,47,,,,286,,
Entrée,47,,,,177,,
Entrée,47,1436,,,323,,
Entrée,49,,,,324,,
Entrée,52,,,,142,,
Entrée,52,1451,,,225,,
Entrée,52,1454,,,157,,
Sortie,52,1466,,,157,,
Entrée,54,,,,142,,
Entrée,54,,,,160,,
Entrée,55,,,,142,,
Entrée,55,1332,,,156,,
Sortie,55,1335,,,156,,
Entrée,61,,,,181,,
Entrée,63,,,,142,,
Entrée,63,1450,,,158,,
Sortie,63,1467,,,158,,
Entrée,64,,,,142,,
Entrée,64,1490,,,160,,
Sortie,64,1491,,,160,,
Entrée,64,1492,,,158,,
Sortie,64,1500,,,158,,
Entrée,68,,,,177,,
Entrée,69,,,,298,,
Entrée,71,,,,219,,
Entrée,72,,,,142,,
Entrée,75,,,,352,,
Entrée,79,,,,142,,
Entrée,81,,,,142,,
Entrée,81,1313,,,157,,
Sortie,81,1326,,,157,,
Entrée,83,,,,142,,
Entrée,83,1392,,,157,,
Sortie,83,1395,,,157,,
Entrée,84,,,,142,,
Entrée,84,,,,162,,
Entrée,85,,,,142,,
Entrée,85,,,,325,,
Entrée,86,1503,,,217,,
Sortie,86,1504,,,217,,
Entrée,87,,,,142,,
Entrée,88,,,,142,,
Entrée,89,,,,142,,
Entrée,90,,,,142,,
Entrée,92,,,,142,,
Entrée,93,,,,142,,
Entrée,93,1360,,,162,,
Sortie,93,1370,,,162,,
Entrée,94,,,,142,,
Entrée,95,,,,142,,
Entrée,96,,,,142,,
Entrée,97,,,,142,,
Entrée,97,1387,,,163,,
Sortie,97,1392,,,163,,
Entrée,97,1394,,,158,,
Sortie,97,1398,,,158,,
Entrée,99,,,,142,,
Entrée,99,1487,,,163,,
Sortie,99,1492,,,163,,
Entrée,107,,,,332,,
Entrée,108,1460,,,200,,
Entrée,108,1468,,,197,,
Entrée,110,,,,316,,
Entrée,111,,,,142,,
Entrée,111,1496,,,157,,
Sortie,111,1510,,,157,,
Entrée,113,,,,142,,
Entrée,113,1496,,,157,,
Entrée,120,,,,327,,
Entrée,120,,,,76,,
Entrée,120,,,,270,,
Entrée,121,,,,142,,
Entrée,121,,,,327,,
Entrée,123,,,,275,,
Entrée,123,,,,232,,
Sortie,123,,,,232,,
Entrée,127,,,,142,,
Entrée,127,,,,163,,
Entrée,128,1503,,,219,,
Entrée,131,1446,,,177,,
Entrée,133,1500,,,219,,
Entrée,134,,,,143,,
Entrée,135,,,,142,,
Entrée,135,,,,160,,
Entrée,135,1436,,,227,,
Entrée,135,,,,192,,
Entrée,137,,,,217,,
Entrée,138,1451,,,142,,
Entrée,140,1413,,,177,,
Entrée,143,,,,142,,
Entrée,143,,,,328,,
Entrée,144,,,,272,,
Entrée,145,,,,272,,
Entrée,146,1426,,,164,,
Entrée,146,1447,,,353,,
Entrée,146,1453,,,181,,
Entrée,147,,,,142,,
Entrée,147,1406,,,160,,
Entrée,148,,,,142,,
Entrée,148,,,,159,,
Entrée,149,,,,142,,
Entrée,149,1471,,,162,,
Entrée,151,,,,142,,
Entrée,151,,,,324,,
Entrée,152,,,,142,,
Entrée,152,1482,,,162,,
Sortie,152,1496,,,162,,
Entrée,152,,,,314,,
Entrée,155,,,,142,,
Entrée,155,1326,,,157,,
Sortie,155,1331,,,157,,
Entrée,166,,,,142,,
Entrée,166,1414,,,159,,
Entrée,167,,,,142,,
Entrée,167,1426,,,301,,
Entrée,167,1436,,,314,,
Entrée,168,,,,142,,
Entrée,168,1359,,,157,,
Sortie,168,1361,,,157,,
Entrée,177,,,,142,,
Entrée,177,1346,,,163,,
Sortie,177,1348,,,163,,
Entrée,178,1489,,,164,,
Sortie,178,1502,,,164,,
Entrée,182,,,,298,,
Entrée,184,1412,,,289,,
Entrée,186,,,,219,,
Entrée,187,,,,142,,
Entrée,187,,,,323,,
Entrée,204,1402,,,142,,
Entrée,204,1414,,,156,,
Entrée,205,1402,,,142,,
Entrée,205,1414,,,156,,
Entrée,206,,,,142,,
Entrée,207,,,,142,,
Entrée,209,,,,142,,
Entrée,209,1493,,,160,,
Sortie,209,1512,,,160,,
Entrée,210,,,,142,,
Entrée,210,,,,314,,
Entrée,212,1414,,,240,,
Entrée,212,1418,,,229,,
Entrée,212,,,,193,,
Entrée,212,,,,54,,
Entrée,222,,,,142,,
Entrée,222,1425,,,177,,
Entrée,222,1426,,,297,,
Entrée,222,1433,,,162,,
Sortie,222,1451,,,162,,
Entrée,222,,,,325,,
Entrée,223,,,,142,,
Entrée,223,1449,,,163,,
Sortie,223,1451,,,163,,
Entrée,223,1451,,,162,,
Sortie,223,1458,,,162,,
Entrée,224,1444,,,125,,
Entrée,242,,,,124,,
Entrée,244,,,,142,,
Entrée,244,,,,161,,
Entrée,244,,,,157,,
Entrée,246,,,,142,,
Entrée,246,,,,314,,
Entrée,247,,,,142,,
Entrée,247,,,,320,,
Entrée,248,,,,142,,
Entrée,248,,,,323,,
Entrée,251,,,,142,,
Entrée,251,,,,320,,
Entrée,253,,,,142,,
Entrée,253,,,,177,,
Entrée,256,,,,142,,
Entrée,256,1346,,,156,,
Sortie,256,1348,,,156,,
Entrée,258,,,,142,,
Entrée,259,,,,142,,
Entrée,260,,,,142,,
Entrée,261,,,,248,,
Entrée,261,,,,16,,
Entrée,264,,,,142,,
Entrée,264,1348,,,163,,
Sortie,264,1363,,,163,,
Entrée,266,,,,142,,
Entrée,268,,,,217,,
Entrée,269,,,,142,,
Entrée,269,1441,,,159,,
Sortie,269,1495,,,159,,
Entrée,269,,,,323,,
Entrée,270,,,,142,,
Entrée,270,1451,,,163,,
Sortie,270,1458,,,163,,
Entrée,270,1458,,,156,,
Sortie,270,1469,,,156,,
Entrée,270,1461,,,278,,
Entrée,270,1461,,,277,,
Sortie,270,1462,,,277,,
Entrée,270,1451,,,295,,
Entrée,270,1461,,,293,,
Sortie,270,1462,,,293,,
Entrée,272,,,,142,,
Entrée,273,,,,142,,
Entrée,273,,,,177,,
Entrée,278,,,,142,,
Entrée,278,,,,227,,
Entrée,278,,,,262,,
Entrée,278,,,,260,,
Entrée,280,,,,142,,
Entrée,280,1342,,,156,,
Sortie,280,1344,,,156,,
Entrée,283,,,,142,,
Entrée,283,1398,,,161,,
Sortie,283,1412,,,161,,
Entrée,291,,,,142,,
Entrée,291,,,,324,,
Entrée,292,1356,,,142,,
Sortie,292,1359,,,142,,
Entrée,293,,,,142,,
Entrée,293,1363,,,163,,
Sortie,293,1367,,,163,,
Entrée,294,,,,142,,
Entrée,298,1436,,,327,,
Entrée,299,,,,142,,
Entrée,299,1364,,,156,,
Sortie,299,1385,,,156,,
Entrée,312,,,,142,,
Entrée,312,,,,323,,
Entrée,315,,,,142,,
Entrée,317,,,,142,,
Entrée,318,,,,227,,
Entrée,321,1452,,,173,,
Entrée,325,,,,321,,
Entrée,330,1461,,,219,,
Entrée,333,,,,142,,
Entrée,333,1427,,,298,,
Sortie,333,1439,,,298,,
Entrée,337,,,,142,,
Entrée,337,1425,,,158,,
Sortie,337,1440,,,158,,
Entrée,339,,,,142,,
Entrée,339,1412,,,157,,
Sortie,339,1436,,,157,,
Entrée,342,,,,142,,
Entrée,342,1392,,,161,,
Sortie,342,1397,,,161,,
Entrée,343,,,,142,,
Entrée,344,,,,76,,
Entrée,346,,,,142,,
Entrée,349,1459,,,352,,
Entrée,351,,,,142,,
Entrée,357,,,,142,,
Entrée,358,,,,142,,
Entrée,358,,,,320,,
Entrée,359,,,,142,,
Entrée,359,,,,320,,
Entrée,361,,,,142,,
Entrée,361,,,,329,,
Entrée,362,,,,76,,
Entrée,363,,,,142,,
Entrée,370,,,,142,,
Entrée,371,1451,,,258,,
Entrée,377,1460,,,217,,
Sortie,377,1473,,,217,,
Entrée,377,1471-10-31,,,219,,
Entrée,379,,,,142,,
Entrée,379,1398,,,160,,
Sortie,379,1399,,,160,,
Entrée,381,,,,219,,
Entrée,381,,,,217,,
Entrée,381,,,,216,,
Entrée,381,,,,265,,
Entrée,381,,,,256,,
Entrée,382,,,,142,,
Entrée,384,,,,142,,
Entrée,389,,,,142,,
Entrée,389,1376,,,159,,
Sortie,389,1406,,,159,,
Entrée,393,,,,142,,
Entrée,393,1386,,,162,,
Sortie,393,1389,,,162,,
Entrée,394,1437,,,177,,
Entrée,400,,,,142,,
Entrée,400,,,,324,,
Entrée,401,,,,142,,
Entrée,401,1467-02-19,,,158,,
Sortie,401,1493-02-22,,,158,,
Entrée,401,,,,314,,
Entrée,404,1451,,,290,,
Entrée,404,,,,242,,
Entrée,407,1397,,,244,,
Entrée,407,1397,,,227,,
Entrée,407,1400,,,231,,
Entrée,407,1408,,,235,,
Entrée,413,,,,142,,
Entrée,413,1466,,,157,,
Sortie,413,1484,,,157,,
Entrée,413,,,,326,,
Entrée,414,,,,142,,
Entrée,414,1487,,,161,,
Sortie,414,1500,,,161,,
Entrée,416,,,,142,,
Entrée,416,1428,,,163,,
Entrée,418,,,,346,,
Entrée,418,1414,,,219,,
Entrée,419,,,,142,,
Entrée,419,1492,,,160,,
Entrée,423,,,,142,,
Entrée,423,,,,228,,
Entrée,424,,,,142,,
Entrée,424,,,,156,,
Entrée,425,,,,142,,
Entrée,425,1482,,,163,,
Sortie,425,1487,,,163,,
Entrée,425,,,,323,,
Entrée,426,,,,142,,
Entrée,426,1482,,,163,,
Sortie,426,1487,,,163,,
Entrée,426,,,,323,,
Entrée,427,,,,142,,
Entrée,427,,,,325,,
Entrée,428,,,,142,,
Entrée,428,,,,325,,
Entrée,430,1441,,,209,,
Sortie,430,1476,,,209,,
Entrée,436,,,,142,,
Entrée,436,1395,,,162,,
Sortie,436,1429,,,162,,
Entrée,441,1415-12-13,,,352,,
Sortie,441,,,,352,,
Entrée,446,,,,323,,
Entrée,448,,,,142,,
Entrée,448,1441-04-13,,,158,,
Entrée,450,,,,142,,
Entrée,451,,,,142,,
Entrée,451,,,,158,,
Entrée,453,,,,142,,
Entrée,458,,,,142,,
Entrée,458,1472,,,161,,
Entrée,464,,,,227,,
Entrée,465,,,,142,,
Entrée,465,1426,,,303,,
Entrée,469,1445,,,45,,
Entrée,473,,,,324,,
Entrée,475,,,,76,,
Entrée,475,1418,,,156,,
Sortie,475,1434,,,156,,
Entrée,477,,,,142,,
Entrée,477,,,,314,,
Entrée,478,,,,164,,
Entrée,479,,,,143,,
Entrée,479,,,,219,,
Entrée,483,,,,220,,
Entrée,485,1461,,,161,,
Sortie,485,1472,,,161,,
Entrée,485,1472,,,162,,
Sortie,485,1482,,,162,,
Entrée,485,,,,321,,
Entrée,490,,,,142,,
Entrée,498,,,,142,,
Entrée,498,1412,,,161,,
Sortie,498,1432,,,161,,
Entrée,499,,,,142,,
Entrée,503,,,,142,,
Entrée,503,,,,156,,
Entrée,505,,,,142,,
Entrée,505,,,,326,,
Entrée,506,,,,142,,
Entrée,506,,,,330,,
Entrée,508,,,,142,,
Entrée,508,,,,330,,
Entrée,512,,,,142,,
Entrée,512,,,,323,,
Entrée,513,,,,142,,
Entrée,513,1469,,,156,,
Sortie,513,1500,,,156,,
Entrée,513,1435,,,172,,
Entrée,513,,,,328,,
Entrée,516,,,,142,,
Entrée,516,1345,,,161,,
Sortie,516,1375,,,161,,
Entrée,517,1459,,,219,,
Entrée,519,,,,142,,
Entrée,519,1362,,,157,,
Sortie,519,1365,,,157,,
Entrée,527,1424,,,205,,
Entrée,528,1424,,,205,,
Entrée,529,1363,,,237,,
Entrée,529,1364,,,164,,
Sortie,529,1370,,,164,,
Entrée,538,,,,142,,
Entrée,539,,,,142,,
Entrée,539,1392,,,163,,
Sortie,539,1394,,,163,,
Entrée,540,1453,,,177,,
Sortie,540,1455,,,177,,
Entrée,540,1466,,,227,,
Entrée,541,1461,,,164,,
Sortie,541,1489,,,164,,
Entrée,542,1421,,,217,,
Entrée,547,,,,142,,
Entrée,548,,,,142,,
Entrée,548,,,,321,,
Entrée,549,1401,,,219,,
Entrée,550,,,,142,,
Entrée,552,,,,190,,
Entrée,552,,,,224,,
Entrée,552,1446,,,225,,
Sortie,552,1451,,,225,,
Entrée,553,,,,142,,
Entrée,553,,,,208,,
Entrée,556,,,,142,,
Entrée,557,,,,125,,
Entrée,560,,,,142,,
Entrée,560,1420,,,289,,
Entrée,566,,,,208,,
Entrée,574,,,,142,,
Entrée,574,1382,,,157,,
Entrée,577,,,,142,,
Entrée,577,1481,,,161,,
Sortie,577,1486,,,161,,
Entrée,577,,,,328,,
Entrée,579,1409,,,298,,
Entrée,583,,,,142,,
Entrée,583,1358,,,156,,
Sortie,583,1362,,,156,,
Entrée,587,1433,,,273,,
Entrée,587,1428,,,164,,
Sortie,587,1461,,,164,,
Entrée,593,,,,298,,
Entrée,594,1452,,,332,,
Sortie,594,1461,,,332,,
Entrée,594,1459,,,82,,
Entrée,594,1459,,,54,,
Entrée,595,1456,,,348,,
Entrée,604,1456,,,261,,
Entrée,609,,,,142,,
Entrée,610,,,,142,,
Entrée,610,1451,,,161,,
Sortie,610,1458,,,161,,
Entrée,610,1458,,,162,,
Sortie,610,1472,,,162,,
Entrée,612,,,,142,,
Entrée,612,,,,105,,
Entrée,613,,,,142,,
Entrée,613,,,,177,,
Entrée,613,,,,156,,
Entrée,614,,,,142,,
Entrée,614,1384,,,298,,
Sortie,614,1409,,,298,,
Entrée,614,,,,142,,
Entrée,614,1436,,,317,,
Entrée,615,,,,142,,
Entrée,615,1384,,,298,,
Sortie,615,1409,,,298,,
Entrée,615,,,,142,,
Entrée,615,1436,,,317,,
Entrée,617,,,,142,,
Entrée,617,1386,,,156,,
Sortie,617,1402,,,156,,
Entrée,618,,,,142,,
Entrée,618,1453,,,177,,
Entrée,619,,,,142,,
Entrée,619,1405,,,157,,
Sortie,619,1408,,,157,,
Entrée,620,,,,142,,
Entrée,622,,,,142,,
Entrée,625,,,,142,,
Entrée,625,,,,326,,
Entrée,628,,,,142,,
Entrée,628,1362,,,156,,
Sortie,628,1363,,,156,,
Entrée,629,,,,142,,
Entrée,631,1452,,,164,,
Entrée,631,1453,,,346,,
Entrée,634,,,,142,,
Entrée,634,,,,320,,
Entrée,636,,,,198,,
Entrée,636,1394,,,240,,
Entrée,638,,,,142,,
Entrée,638,1397,,,157,,
Sortie,638,1405,,,157,,
Entrée,641,,,,142,,
Entrée,641,1399,,,160,,
Sortie,641,1406,,,160,,
Entrée,645,,,,142,,
Entrée,645,,,,159,,
Entrée,649,,,,142,,
Entrée,649,,,,318,,
Entrée,650,1397,,,229,,
Sortie,650,1414,,,229,,
Entrée,652,,,,142,,
Entrée,652,,,,318,,
Entrée,656,1451,,,286,,
Entrée,656,1452,,,272,,
Entrée,657,,,,142,,
Entrée,657,1426,,,159,,
Sortie,657,1441,,,159,,
Entrée,660,,,,142,,
Entrée,660,1451,,,177,,
Entrée,668,,,,142,,
Entrée,668,1472,,,161,,
Sortie,668,1481,,,161,,
Entrée,668,,,,321,,
Entrée,669,1461,,,221,,
Entrée,670,,,,142,,
Entrée,670,,,,316,,
Entrée,674,,,,142,,
Entrée,674,1496,,,162,,
Entrée,683,,,,142,,
Entrée,685,,,,142,,
Entrée,685,,,,320,,
Entrée,688,,,,142,,
Entrée,688,1331,,,157,,
Sortie,688,1359,,,157,,
Entrée,695,,,,142,,
Entrée,695,1447,,,298,,
Sortie,695,1472,,,298,,
Entrée,697,,,,142,,
Entrée,697,1500,,,163,,
Entrée,702,,,,142,,
Entrée,702,,,,326,,
Entrée,704,,,,142,,
Entrée,704,,,,160,,
Entrée,706,,,,142,,
Entrée,706,,,,160,,
Entrée,708,,,,142,,
Entrée,713,1493,,,332,,
Entrée,716,,,,142,,
Entrée,718,1435,,,282,,
Sortie,718,1451,,,282,,
Entrée,725,,,,142,,
Entrée,725,,,,315,,
Entrée,728,,,,142,,
Entrée,728,1345,,,159,,
Sortie,728,1370,,,159,,
Entrée,731,,,,142,,
Entrée,731,1353,,,160,,
Sortie,731,1397,,,160,,
Entrée,734,,,,142,,
Entrée,734,1456,,,156,,
Sortie,734,1458,,,156,,
Entrée,736,,,,142,,
Entrée,737,,,,142,,
Entrée,737,1496,,,157,,
Entrée,741,,,,142,,
Entrée,741,1427,,,260,,
Entrée,744,,,,142,,
Entrée,744,1335,,,156,,
Sortie,744,1340,,,156,,
Entrée,747,,,,142,,
Entrée,747,1348,,,156,,
Sortie,747,1356,,,156,,
Entrée,749,,,,142,,
Entrée,749,1364,,,157,,
Sortie,749,1382,,,157,,
Entrée,750,,,,142,,
Entrée,750,,,,319,,
Entrée,755,,,,142,,
Entrée,757,,,,52,,
Entrée,766,,,,142,,
Entrée,766,1466,,,160,,
Sortie,766,1481,,,160,,
Entrée,766,,,,327,,
Entrée,766,,,,192,,
Entrée,767,1393,,,282,,
Sortie,767,1397,,,282,,
Entrée,772,,,,298,,
Entrée,772,,,,315,,
Entrée,772,1437,,,199,,
Sortie,772,1444,,,199,,
Entrée,775,,,,142,,
Entrée,775,,,,328,,
Entrée,777,1452,,,281,,
Entrée,778,,,,298,,
Entrée,778,,,,315,,
Entrée,778,1437,,,199,,
Sortie,778,1444,,,199,,
Entrée,779,1482,,,217,,
Sortie,779,1487,,,217,,
Entrée,788,,,,142,,
Entrée,788,1449-01-08,,,163,,
Entrée,788,,,,318,,
Entrée,792,,,,142,,
Entrée,793,,,,142,,
Entrée,794,,,,142,,
Entrée,796,,,,142,,
Entrée,797,,,,142,,
Entrée,800,,,,142,,
Entrée,801,,,,142,,
Entrée,801,1408,,,157,,
Sortie,801,1412,,,157,,
Entrée,802,,,,142,,
Entrée,802,1475,,,163,,
Entrée,802,,,,323,,
Entrée,803,,,,142,,
Entrée,804,,,,142,,
Entrée,804,1398,,,158,,
Sortie,804,1415,,,158,,
Entrée,805,,,,142,,
Entrée,806,,,,142,,
Entrée,806,1415,,,156,,
Sortie,806,1439,,,156,,
Entrée,806,1436,,,269,,
Entrée,809,,,,142,,
Entrée,810,,,,142,,
Entrée,810,,,,219,,
Entrée,812,,,,142,,
Sortie,812,,,,142,,
Entrée,812,,,,177,,
Entrée,813,,,,142,,
Sortie,813,,,,142,,
Entrée,813,,,,177,,
Entrée,814,,,,142,,
Entrée,816,,,,142,,
Entrée,818,1452,,,220,,
Entrée,820,,,,142,,
Entrée,821,,,,142,,
Entrée,823,,,,142,,
Entrée,824,,,,142,,
Entrée,825,,,,142,,
Entrée,826,,,,142,,
Entrée,826,1358,,,177,,
Entrée,827,,,,142,,
Entrée,828,,,,142,,
Entrée,828,1367,,,163,,
Sortie,828,1387,,,163,,
Entrée,829,,,,142,,
Entrée,829,1328,,,163,,
Sortie,829,1346,,,163,,
Entrée,830,,,,142,,
Sortie,830,,,,142,,
Entrée,830,1425,,,301,,
Entrée,831,,,,142,,
Sortie,831,,,,142,,
Entrée,831,1425,,,301,,
Entrée,832,,,,142,,
Entrée,833,,,,164,,
Entrée,834,,,,76,,
Entrée,835,,,,142,,
Entrée,835,,,,75,,
Entrée,836,,,,142,,
Entrée,836,1383,,,157,,
Sortie,836,1391,,,157,,
Entrée,837,,,,142,,
Entrée,838,,,,142,,
Entrée,839,1393,,,164,,
Sortie,839,1415,,,164,,
Entrée,839,1393,,,245,,
Entrée,840,,,,142,,
Entrée,843,,,,154,,
Entrée,844,,,,142,,
Entrée,845,,,,142,,
Entrée,846,,,,142,,
Entrée,847,,,,142,,
Entrée,848,,,,142,,
Entrée,849,,,,142,,
Entrée,853,,,,142,,
Entrée,854,,,,142,,
Entrée,5,1392,,,347,,
Entrée,5,1415,,,145,,
Entrée,5,1418,,,144,,
Entrée,5,1424,,,344,,
Entrée,21,1461,,,348,,
Entrée,53,1451-05-28,,,347,,
Entrée,66,1453,,,144,,
Entrée,72,1394,,,347,,
Entrée,82,1425,,,144,,
Entrée,105,1451,,,348,,
Entrée,105,,,,349,,
Entrée,105,,,,347,,
Entrée,106,1422,,,349,,
Entrée,129,,,,338,,
Entrée,134,1394,,,349,,
Entrée,134,,,,164,,
Entrée,134,,,,346,,
Entrée,134,,,,145,,
Entrée,142,,,,347,,
Entrée,158,,,,136,,
Entrée,163,,,,144,,
Entrée,176,,,,145,,
Entrée,176,,,,144,,
Entrée,176,,,,143,,
Entrée,181,1394,,,347,,
Entrée,181,,,,143,,
Entrée,194,,,,192,,
Entrée,231,,,,347,,
Entrée,231,,,,346,,
Entrée,231,,,,145,,
Entrée,238,1445,,,199,,
Entrée,241,1471,,,348,,
Entrée,255,1454,,,145,,
Entrée,261,1458,,,347,,
Entrée,261,,,,192,,
Entrée,268,1441,,,347,,
Entrée,268,1458,,,145,,
Entrée,268,,,,144,,
Entrée,268,,,,345,,
Entrée,285,1393,,,339,,
Entrée,318,1392,,,339,,
Entrée,318,,,,288,,
Entrée,319,1465,,,347,,
Entrée,319,1468,,,346,,
Entrée,319,1468,,,145,,
Entrée,319,,,,143,,
Entrée,324,1444,,,145,,
Entrée,324,,,,220,,
Entrée,325,1458,,,136,,
Entrée,327,1458,,,145,,
Entrée,330,,,,347,,
Entrée,330,,,,346,,
Entrée,335,1441,,,347,,
Entrée,335,,,,144,,
Entrée,335,,,,345,,
Entrée,352,,,,288,,
Entrée,367,,,,144,,
Entrée,373,,,,192,,
Entrée,377,1460,,,347,,
Entrée,377,1014,,,348,,
Entrée,378,1443,,,349,,
Entrée,378,1443,,,347,,
Entrée,378,1443,,,346,,
Entrée,378,,,,144,,
Entrée,404,1415,,,347,,
Entrée,404,,,,136,,
Entrée,405,1451-06-21,,,347,,
Entrée,407,1407-08-19,,,344,,
Entrée,408,1451-09-03,,,347,,
Entrée,420,1496,,,339,,
Entrée,427,,,,144,,
Entrée,428,,,,144,,
Entrée,430,1458,,,347,,
Entrée,430,,,,143,,
Entrée,466,1450,,,348,,
Entrée,466,1463-1465,,,349,,
Entrée,466,1466-11-12,,,347,,
Entrée,466,1466-12-15,,,346,,
Entrée,471,1465,,,348,,
Entrée,474,1399,,,145,,
Entrée,482,1458,,,145,,
Entrée,487,1473-10-06,,,347,,
Entrée,492,1442,,,348,,
Entrée,492,1450,,,349,,
Entrée,492,,,,347,,
Entrée,492,,,,144,,
Entrée,494,,,,339,,
Entrée,517,1459,,,347,,
Entrée,527,1409,,,339,,
Entrée,528,1409,,,339,,
Entrée,540,1452,,,340,,
Entrée,549,1397,,,347,,
Entrée,549,,,,346,,
Entrée,552,1436,,,342,,
Entrée,553,1412,,,347,,
Entrée,553,,,,143,,
Entrée,556,,,,347,,
Entrée,556,,,,346,,
Entrée,558,,,,145,,
Entrée,559,1400,,,338,,
Entrée,559,1427,,,144,,
Sortie,559,1433,,,144,,
Entrée,564,1436,,,347,,
Entrée,565,1458,,,338,,
Entrée,571,1398,,,347,,
Entrée,592,,,,339,,
Entrée,601,1435,,,348,,
Entrée,601,1436,,,349,,
Entrée,601,1458,,,143,,
Entrée,604,1458,,,136,,
Entrée,606,1449,,,347,,
Entrée,621,1448-01-19,,,347,,
Entrée,621,,,,145,,
Entrée,633,,,,192,,
Entrée,635,1446,,,347,,
Entrée,635,1458,,,145,,
Entrée,635,1459,,,144,,
Entrée,642,,,,144,,
Entrée,658,,,,347,,
Entrée,662,,,,53,,
Entrée,689,,,,181,,
Entrée,712,1458,,,144,,
Entrée,759,1441,,,348,,
Entrée,759,,,,349,,
Entrée,767,,,,342,,
Entrée,771,,,,339,,
Entrée,802,1458,,,136,,
Entrée,811,1430-06-14,,,114,,
Entrée,811,1446,,,347,,
Entrée,811,1449,,,145,,
Entrée,811,,,,144,,
Entrée,812,1392,,,347,,
Entrée,812,1416,,,346,,
Entrée,812,,,,145,,
Entrée,812,,,,343,,
Entrée,813,1392,,,347,,
Entrée,813,1416,,,346,,
Entrée,813,,,,145,,
Entrée,813,,,,343,,
Entrée,815,1458,,,144,,
Entrée,819,,,,149,,
Entrée,819,,,,146,,
Entrée,822,,,,143,,
Entrée,835,1360,,,164,,
Entrée,835,,,,145,,
Entrée,835,,,,144,,
Entrée,835,,,,143,,
Entrée,850,,,,348,,
Entrée,850,,,,347,,
Entrée,850,,,,346,,
Entrée,850,,,,144,,
Entrée,851,1430,,,347,,
Entrée,851,1458,,,346,,
Entrée,851,,,,144,,
Entrée,1,,,,142,,
Entrée,2,,,,74,,
Entrée,2,,,,352,,
Entrée,2,,,,142,,
Entrée,3,,,,39,,
Entrée,3,,,,74,,
Entrée,3,,,,142,,
Entrée,3,,,,335,,
Entrée,4,,,,142,,
Entrée,5,,,,39,,
Entrée,5,,,,164,,
Entrée,5,,,,136,,
Entrée,5,,,,142,,
Entrée,6,,,,74,,
Entrée,6,,,,142,,
Entrée,7,,,,142,,
Entrée,8,,,,74,,
Entrée,8,,,,352,,
Entrée,8,,,,142,,
Entrée,9,,,,68,,
Entrée,10,,,,74,,
Entrée,10,,,,142,,
Entrée,10,,,,335,,
Entrée,11,,,,74,,
Entrée,11,,,,142,,
Entrée,12,,,,74,,
Entrée,12,,,,220,,
Entrée,12,,,,352,,
Entrée,13,,,,74,,
Entrée,13,,,,142,,
Entrée,14,,,,74,,
Entrée,14,,,,142,,
Entrée,15,,,,74,,
Entrée,15,,,,142,,
Entrée,16,,,,39,,
Entrée,16,,,,74,,
Entrée,17,,,,142,,
Entrée,18,,,,74,,
Entrée,18,,,,142,,
Entrée,19,,,,74,,
Entrée,19,,,,142,,
Entrée,20,,,,114,,
Entrée,21,,,,114,,
Entrée,22,,,,114,,
Entrée,23,,,,74,,
Entrée,23,,,,142,,
Entrée,23,,,,335,,
Entrée,24,,,,39,,
Entrée,24,,,,142,,
Entrée,25,,,,74,,
Entrée,25,,,,142,,
Entrée,26,,,,39,,
Entrée,26,,,,74,,
Entrée,26,,,,142,,
Entrée,27,,,,142,,
Entrée,28,,,,74,,
Entrée,28,,,,142,,
Entrée,28,,,,335,,
Entrée,29,,,,74,,
Entrée,29,,,,142,,
Entrée,30,,,,142,,
Entrée,31,,,,222,,
Entrée,32,,,,74,,
Entrée,32,,,,142,,
Entrée,33,,,,142,,
Entrée,33,,,,335,,
Entrée,34,,,,74,,
Entrée,34,,,,142,,
Entrée,35,,,,355,,
Entrée,35,,,,203,,
Entrée,35,,,,68,,
Entrée,36,,,,74,,
Entrée,36,,,,142,,
Entrée,37,,,,74,,
Entrée,37,,,,142,,
Entrée,38,,,,74,,
Entrée,38,,,,142,,
Entrée,39,,,,74,,
Entrée,39,,,,142,,
Entrée,40,,,,142,,
Entrée,41,,,,39,,
Entrée,41,,,,74,,
Entrée,42,,,,142,,
Entrée,43,,,,74,,
Entrée,43,,,,142,,
Entrée,43,,,,39,,
Entrée,43,,,,169,,
Entrée,44,,,,74,,
Entrée,44,,,,142,,
Entrée,45,,,,142,,
Entrée,46,,,,74,,
Entrée,46,,,,142,,
Entrée,46,,,,335,,
Entrée,47,,,,114,,
Entrée,47,,,,164,,
Entrée,47,,,,74,,
Entrée,47,,,,142,,
Entrée,47,,,,219,,
Entrée,48,,,,74,,
Entrée,48,,,,142,,
Entrée,49,,,,39,,
Entrée,49,,,,142,,
Entrée,50,,,,352,,
Entrée,51,,,,74,,
Entrée,51,,,,142,,
Entrée,52,,,,74,,
Entrée,52,,,,142,,
Entrée,52,,,,335,,
Entrée,53,,,,164,,
Entrée,54,,,,74,,
Entrée,54,,,,142,,
Entrée,54,,,,335,,
Entrée,55,,,,142,,
Entrée,55,,,,335,,
Entrée,56,,,,74,,
Entrée,56,,,,142,,
Entrée,57,,,,142,,
Entrée,58,,,,74,,
Entrée,58,,,,142,,
Entrée,59,,,,142,,
Entrée,60,,,,60,,
Entrée,61,,,,74,,
Entrée,61,,,,181,,
Entrée,62,,,,74,,
Entrée,62,,,,142,,
Entrée,63,,,,39,,
Entrée,63,,,,74,,
Entrée,63,,,,142,,
Entrée,63,,,,335,,
Entrée,63,,,,169,,
Entrée,64,,,,74,,
Entrée,64,,,,142,,
Entrée,64,,,,335,,
Entrée,65,,,,74,,
Entrée,65,,,,142,,
Entrée,66,,,,39,,
Entrée,66,,,,142,,
Entrée,67,,,,74,,
Entrée,67,,,,142,,
Entrée,68,,,,74,,
Entrée,68,,,,142,,
Entrée,69,,,,39,,
Entrée,69,,,,298,,
Entrée,70,,,,74,,
Entrée,70,,,,142,,
Entrée,71,,,,39,,
Entrée,71,,,,219,,
Entrée,72,,,,39,,
Entrée,72,,,,74,,
Entrée,72,,,,164,,
Entrée,72,,,,142,,
Entrée,73,,,,74,,
Entrée,74,,,,74,,
Entrée,75,,,,74,,
Entrée,75,,,,352,,
Entrée,76,,,,39,,
Entrée,76,,,,40,,
Entrée,77,,,,74,,
Entrée,77,,,,142,,
Entrée,78,,,,74,,
Entrée,78,,,,142,,
Entrée,79,,,,74,,
Entrée,79,,,,142,,
Entrée,80,,,,164,,
Entrée,80,,,,352,,
Entrée,81,,,,142,,
Entrée,81,,,,335,,
Entrée,82,,,,74,,
Entrée,82,,,,142,,
Entrée,83,,,,74,,
Entrée,83,,,,142,,
Entrée,83,,,,335,,
Entrée,84,,,,142,,
Entrée,84,,,,335,,
Entrée,85,,,,74,,
Entrée,85,,,,142,,
Entrée,86,,,,74,,
Entrée,86,,,,352,,
Entrée,86,,,,217,,
Entrée,87,,,,74,,
Entrée,87,,,,142,,
Entrée,88,,,,142,,
Entrée,89,,,,74,,
Entrée,89,,,,142,,
Entrée,90,,,,74,,
Entrée,90,,,,142,,
Entrée,91,,,,74,,
Entrée,91,,,,142,,
Entrée,92,,,,39,,
Entrée,92,,,,142,,
Entrée,93,,,,74,,
Entrée,93,,,,142,,
Entrée,93,,,,335,,
Entrée,94,,,,74,,
Entrée,94,,,,142,,
Entrée,95,,,,74,,
Entrée,95,,,,142,,
Entrée,96,,,,60,,
Entrée,96,,,,74,,
Entrée,96,,,,142,,
Entrée,97,,,,39,,
Entrée,97,,,,335,,
Entrée,98,,,,142,,
Entrée,99,,,,74,,
Entrée,99,,,,142,,
Entrée,99,,,,335,,
Entrée,100,,,,74,,
Entrée,100,,,,142,,
Entrée,101,,,,74,,
Entrée,101,,,,142,,
Entrée,102,,,,39,,
Entrée,102,,,,74,,
Entrée,102,,,,142,,
Entrée,103,,,,74,,
Entrée,103,,,,142,,
Entrée,104,,,,74,,
Entrée,104,,,,142,,
Entrée,105,,,,114,,
Entrée,105,,,,164,,
Entrée,106,,,,352,,
Entrée,107,,,,203,,
Entrée,107,,,,68,,
Entrée,108,,,,203,,
Entrée,108,,,,68,,
Entrée,109,,,,133,,
Entrée,110,,,,74,,
Entrée,110,,,,142,,
Entrée,111,,,,74,,
Entrée,111,,,,142,,
Entrée,111,,,,335,,
Entrée,112,,,,74,,
Entrée,112,,,,142,,
Entrée,113,,,,74,,
Entrée,113,,,,142,,
Entrée,113,,,,335,,
Entrée,114,,,,74,,
Entrée,114,,,,142,,
Entrée,115,,,,74,,
Entrée,115,,,,142,,
Entrée,116,,,,142,,
Entrée,117,,,,74,,
Entrée,117,,,,142,,
Entrée,118,,,,74,,
Entrée,118,,,,142,,
Entrée,118,,,,169,,
Entrée,119,,,,39,,
Entrée,119,,,,352,,
Entrée,120,,,,124,,
Entrée,120,,,,156,,
Entrée,120,,,,76,,
Entrée,121,,,,74,,
Entrée,121,,,,142,,
Entrée,122,,,,74,,
Entrée,122,,,,142,,
Entrée,123,,,,74,,
Entrée,123,,,,352,,
Entrée,124,,,,74,,
Entrée,124,,,,142,,
Entrée,125,,,,74,,
Entrée,125,,,,142,,
Entrée,126,,,,74,,
Entrée,126,,,,142,,
Entrée,127,,,,74,,
Entrée,127,,,,142,,
Entrée,127,,,,335,,
Entrée,128,,,,74,,
Entrée,128,,,,219,,
Entrée,129,,,,74,,
Entrée,129,,,,136,,
Entrée,130,,,,74,,
Entrée,130,,,,142,,
Entrée,131,,,,74,,
Entrée,131,,,,142,,
Entrée,132,,,,74,,
Entrée,132,,,,142,,
Entrée,133,,,,74,,
Entrée,133,,,,219,,
Entrée,134,,,,114,,
Entrée,134,,,,164,,
Entrée,134,,,,352,,
Entrée,134,,,,142,,
Entrée,135,,,,74,,
Entrée,135,,,,142,,
Entrée,135,,,,192,,
Entrée,135,,,,335,,
Entrée,136,,,,74,,
Entrée,136,,,,142,,
Entrée,137,,,,74,,
Entrée,137,,,,217,,
Entrée,138,,,,74,,
Entrée,138,,,,142,,
Entrée,139,,,,74,,
Entrée,140,,,,74,,
Entrée,141,,,,142,,
Entrée,142,,,,39,,
Entrée,142,,,,164,,
Entrée,142,,,,352,,
Entrée,142,,,,142,,
Entrée,143,,,,74,,
Entrée,143,,,,142,,
Entrée,144,,,,74,,
Entrée,144,,,,352,,
Entrée,144,,,,142,,
Entrée,144,,,,74,,
Entrée,144,,,,352,,
Entrée,144,,,,142,,
Entrée,145,,,,74,,
Entrée,145,,,,352,,
Entrée,145,,,,142,,
Entrée,145,,,,74,,
Entrée,145,,,,352,,
Entrée,145,,,,142,,
Entrée,146,,,,39,,
Entrée,146,,,,164,,
Entrée,146,,,,353,,
Entrée,146,,,,181,,
Entrée,147,,,,142,,
Entrée,147,,,,335,,
Entrée,148,,,,74,,
Entrée,148,,,,142,,
Entrée,148,,,,335,,
Entrée,149,,,,74,,
Entrée,149,,,,142,,
Entrée,149,,,,335,,
Entrée,150,,,,142,,
Entrée,150,,,,142,,
Entrée,151,,,,74,,
Entrée,152,,,,74,,
Entrée,152,,,,142,,
Entrée,152,,,,335,,
Entrée,153,,,,142,,
Entrée,153,,,,169,,
Entrée,154,,,,142,,
Entrée,155,,,,39,,
Entrée,155,,,,142,,
Entrée,155,,,,335,,
Entrée,156,,,,142,,
Entrée,156,,,,169,,
Entrée,157,,,,74,,
Entrée,158,,,,74,,
Entrée,158,,,,136,,
Entrée,159,,,,142,,
Entrée,160,,,,74,,
Entrée,160,,,,142,,
Entrée,161,,,,74,,
Entrée,161,,,,164,,
Entrée,161,,,,142,,
Entrée,162,,,,142,,
Entrée,162,,,,169,,
Entrée,163,,,,142,,
Entrée,164,,,,74,,
Entrée,164,,,,142,,
Entrée,165,,,,142,,
Entrée,166,,,,74,,
Entrée,166,,,,142,,
Entrée,166,,,,335,,
Entrée,167,,,,74,,
Entrée,167,,,,142,,
Entrée,168,,,,74,,
Entrée,168,,,,142,,
Entrée,168,,,,335,,
Entrée,169,,,,142,,
Entrée,170,,,,120,,
Entrée,171,,,,120,,
Entrée,172,,,,120,,
Entrée,173,,,,120,,
Entrée,174,,,,74,,
Entrée,174,,,,142,,
Entrée,175,,,,133,,
Entrée,176,,,,39,,
Entrée,176,,,,136,,
Entrée,177,,,,142,,
Entrée,177,,,,335,,
Entrée,178,,,,74,,
Entrée,178,,,,164,,
Entrée,179,,,,39,,
Entrée,179,,,,142,,
Entrée,180,,,,142,,
Entrée,181,,,,39,,
Entrée,181,,,,164,,
Entrée,181,,,,142,,
Entrée,182,,,,142,,
Entrée,183,,,,142,,
Entrée,184,,,,142,,
Entrée,185,,,,74,,
Entrée,185,,,,142,,
Entrée,186,,,,74,,
Entrée,186,,,,142,,
Entrée,186,,,,217,,
Entrée,187,,,,74,,
Entrée,187,,,,142,,
Entrée,188,,,,74,,
Entrée,188,,,,142,,
Entrée,189,,,,76,,
Entrée,190,,,,74,,
Entrée,190,,,,142,,
Entrée,191,,,,142,,
Entrée,192,,,,164,,
Entrée,193,,,,74,,
Entrée,193,,,,142,,
Entrée,194,,,,39,,
Entrée,194,,,,192,,
Entrée,195,,,,142,,
Entrée,195,,,,142,,
Entrée,196,,,,142,,
Entrée,197,,,,142,,
Entrée,198,,,,142,,
Entrée,199,,,,142,,
Entrée,200,,,,142,,
Entrée,201,,,,142,,
Entrée,202,,,,142,,
Entrée,203,,,,74,,
Entrée,203,,,,352,,
Entrée,204,,,,74,,
Entrée,204,,,,142,,
Entrée,204,,,,335,,
Entrée,204,,,,74,,
Entrée,204,,,,352,,
Entrée,205,,,,74,,
Entrée,205,,,,142,,
Entrée,205,,,,335,,
Entrée,205,,,,74,,
Entrée,205,,,,352,,
Entrée,206,,,,74,,
Entrée,206,,,,142,,
Entrée,207,,,,74,,
Entrée,207,,,,142,,
Entrée,208,,,,74,,
Entrée,208,,,,142,,
Entrée,209,,,,142,,
Entrée,209,,,,335,,
Entrée,210,,,,74,,
Entrée,210,,,,142,,
Entrée,211,,,,39,,
Entrée,211,,,,74,,
Entrée,211,,,,169,,
Entrée,212,,,,203,,
Entrée,214,,,,164,,
Entrée,215,,,,50,,
Entrée,217,,,,142,,
Entrée,218,,,,74,,
Entrée,218,,,,352,,
Entrée,219,,,,142,,
Entrée,220,,,,352,,
Entrée,221,,,,74,,
Entrée,221,,,,142,,
Entrée,222,,,,74,,
Entrée,222,,,,142,,
Entrée,222,,,,335,,
Entrée,223,,,,74,,
Entrée,223,,,,142,,
Entrée,223,,,,335,,
Entrée,224,,,,125,,
Entrée,224,,,,222,,
Entrée,225,,,,88,,
Entrée,226,,,,142,,
Entrée,227,,,,74,,
Entrée,228,,,,142,,
Entrée,229,,,,164,,
Entrée,230,,,,74,,
Entrée,230,,,,142,,
Entrée,231,,,,164,,
Entrée,231,,,,346,,
Entrée,231,,,,142,,
Entrée,232,,,,74,,
Entrée,232,,,,220,,
Entrée,233,,,,142,,
Entrée,234,,,,28,,
Entrée,235,,,,142,,
Entrée,236,,,,74,,
Entrée,237,,,,142,,
Entrée,238,,,,203,,
Entrée,241,,,,114,,
Entrée,242,,,,142,,
Entrée,243,,,,74,,
Entrée,243,,,,142,,
Entrée,244,,,,74,,
Entrée,244,,,,142,,
Entrée,244,,,,335,,
Entrée,245,,,,142,,
Entrée,246,,,,142,,
Entrée,247,,,,142,,
Entrée,248,,,,74,,
Entrée,248,,,,142,,
Entrée,249,,,,74,,
Entrée,249,,,,142,,
Entrée,250,,,,74,,
Entrée,250,,,,219,,
Entrée,251,,,,74,,
Entrée,251,,,,142,,
Entrée,252,,,,74,,
Entrée,252,,,,142,,
Entrée,253,,,,74,,
Entrée,253,,,,142,,
Entrée,254,,,,142,,
Entrée,255,,,,39,,
Entrée,255,,,,142,,
Entrée,256,,,,39,,
Entrée,256,,,,142,,
Entrée,256,,,,335,,
Entrée,257,,,,74,,
Entrée,257,,,,142,,
Entrée,258,,,,74,,
Entrée,258,,,,142,,
Entrée,258,,,,169,,
Entrée,259,,,,142,,
Entrée,260,,,,74,,
Entrée,260,,,,142,,
Entrée,261,,,,39,,
Entrée,261,,,,164,,
Entrée,261,,,,192,,
Entrée,261,,,,220,,
Entrée,262,,,,142,,
Entrée,263,,,,39,,
Entrée,263,,,,164,,
Entrée,264,,,,142,,
Entrée,264,,,,335,,
Entrée,265,,,,142,,
Entrée,266,,,,74,,
Entrée,266,,,,142,,
Entrée,267,,,,74,,
Entrée,268,,,,74,,
Entrée,268,,,,164,,
Entrée,268,,,,142,,
Entrée,269,,,,74,,
Entrée,269,,,,142,,
Entrée,269,,,,335,,
Entrée,270,,,,74,,
Entrée,270,,,,142,,
Entrée,270,,,,335,,
Entrée,272,,,,142,,
Entrée,273,,,,74,,
Entrée,273,,,,142,,
Entrée,274,,,,74,,
Entrée,274,,,,352,,
Entrée,275,,,,142,,
Entrée,276,,,,74,,
Entrée,277,,,,88,,
Entrée,278,,,,74,,
Entrée,278,,,,142,,
Entrée,279,,,,142,,
Entrée,280,,,,142,,
Entrée,280,,,,335,,
Entrée,281,,,,74,,
Entrée,281,,,,142,,
Entrée,282,,,,74,,
Entrée,282,,,,142,,
Entrée,283,,,,142,,
Entrée,283,,,,335,,
Entrée,284,,,,142,,
Entrée,285,,,,74,,
Entrée,285,,,,164,,
Entrée,285,,,,220,,
Entrée,286,,,,74,,
Entrée,287,,,,74,,
Entrée,287,,,,142,,
Entrée,288,,,,74,,
Entrée,288,,,,142,,
Entrée,289,,,,74,,
Entrée,289,,,,142,,
Entrée,290,,,,74,,
Entrée,290,,,,142,,
Entrée,291,,,,74,,
Entrée,291,,,,142,,
Entrée,292,,,,74,,
Entrée,292,,,,142,,
Entrée,293,,,,74,,
Entrée,293,,,,142,,
Entrée,293,,,,335,,
Entrée,294,,,,74,,
Entrée,294,,,,142,,
Entrée,295,,,,74,,
Entrée,296,,,,74,,
Entrée,296,,,,142,,
Entrée,297,,,,74,,
Entrée,297,,,,142,,
Entrée,298,,,,74,,
Entrée,298,,,,142,,
Entrée,299,,,,39,,
Entrée,299,,,,142,,
Entrée,299,,,,335,,
Entrée,300,,,,74,,
Entrée,300,,,,142,,
Entrée,301,,,,74,,
Entrée,301,,,,142,,
Entrée,302,,,,222,,
Entrée,303,,,,142,,
Entrée,304,,,,74,,
Entrée,304,,,,142,,
Entrée,305,,,,74,,
Entrée,305,,,,142,,
Entrée,306,,,,39,,
Entrée,306,,,,142,,
Entrée,307,,,,74,,
Entrée,307,,,,142,,
Entrée,307,,,,169,,
Entrée,308,,,,352,,
Entrée,309,,,,142,,
Entrée,310,,,,74,,
Entrée,310,,,,142,,
Entrée,311,,,,74,,
Entrée,312,,,,39,,
Entrée,312,,,,74,,
Entrée,312,,,,142,,
Entrée,313,,,,74,,
Entrée,313,,,,142,,
Entrée,314,,,,142,,
Entrée,315,,,,142,,
Entrée,316,,,,142,,
Entrée,316,,,,169,,
Entrée,317,,,,74,,
Entrée,317,,,,142,,
Entrée,318,,,,74,,
Entrée,318,,,,220,,
Entrée,318,,,,288,,
Entrée,319,,,,74,,
Entrée,319,,,,164,,
Entrée,319,,,,142,,
Entrée,320,,,,74,,
Entrée,320,,,,142,,
Entrée,321,,,,74,,
Entrée,321,,,,172,,
Entrée,322,,,,142,,
Entrée,323,,,,74,,
Entrée,323,,,,142,,
Entrée,324,,,,164,,
Entrée,324,,,,142,,
Entrée,324,,,,220,,
Entrée,325,,,,39,,
Entrée,325,,,,192,,
Entrée,325,,,,136,,
Entrée,326,,,,142,,
Entrée,327,,,,142,,
Entrée,328,,,,142,,
Entrée,329,,,,142,,
Entrée,330,,,,39,,
Entrée,330,,,,164,,
Entrée,330,,,,352,,
Entrée,330,,,,219,,
Entrée,330,,,,136,,
Entrée,331,,,,74,,
Entrée,331,,,,142,,
Entrée,332,,,,74,,
Entrée,332,,,,142,,
Entrée,333,,,,142,,
Entrée,333,,,,169,,
Entrée,334,,,,74,,
Entrée,334,,,,142,,
Entrée,335,,,,39,,
Entrée,335,,,,164,,
Entrée,335,,,,142,,
Entrée,335,,,,345,,
Entrée,336,,,,74,,
Entrée,336,,,,142,,
Entrée,337,,,,74,,
Entrée,337,,,,142,,
Entrée,337,,,,335,,
Entrée,338,,,,74,,
Entrée,338,,,,352,,
Entrée,338,,,,142,,
Entrée,339,,,,74,,
Entrée,339,,,,142,,
Entrée,339,,,,335,,
Entrée,340,,,,74,,
Entrée,340,,,,142,,
Entrée,341,,,,74,,
Entrée,341,,,,142,,
Entrée,342,,,,74,,
Entrée,342,,,,142,,
Entrée,342,,,,335,,
Entrée,343,,,,74,,
Entrée,343,,,,142,,
Entrée,344,,,,76,,
Entrée,345,,,,74,,
Entrée,345,,,,142,,
Entrée,346,,,,74,,
Entrée,346,,,,142,,
Entrée,347,,,,74,,
Entrée,347,,,,142,,
Entrée,348,,,,352,,
Entrée,349,,,,74,,
Entrée,349,,,,142,,
Entrée,350,,,,74,,
Entrée,351,,,,74,,
Entrée,351,,,,142,,
Entrée,352,,,,39,,
Entrée,353,,,,74,,
Entrée,354,,,,142,,
Entrée,355,,,,142,,
Entrée,356,,,,221,,
Entrée,357,,,,74,,
Entrée,357,,,,142,,
Entrée,358,,,,74,,
Entrée,358,,,,142,,
Entrée,359,,,,74,,
Entrée,359,,,,142,,
Entrée,360,,,,74,,
Entrée,360,,,,142,,
Entrée,360,,,,169,,
Entrée,361,,,,74,,
Entrée,361,,,,142,,
Entrée,362,,,,76,,
Entrée,363,,,,74,,
Entrée,363,,,,142,,
Entrée,365,,,,133,,
Entrée,366,,,,114,,
Entrée,366,,,,164,,
Entrée,366,,,,352,,
Entrée,367,,,,346,,
Entrée,367,,,,352,,
Entrée,367,,,,39,,
Entrée,367,,,,142,,
Entrée,368,,,,222,,
Entrée,369,,,,142,,
Entrée,370,,,,74,,
Entrée,370,,,,142,,
Entrée,370,,,,169,,
Entrée,371,,,,124,,
Entrée,372,,,,142,,
Entrée,373,,,,192,,
Entrée,374,,,,74,,
Entrée,374,,,,142,,
Entrée,375,,,,142,,
Entrée,376,,,,74,,
Entrée,376,,,,352,,
Entrée,377,,,,74,,
Entrée,377,,,,164,,
Entrée,378,,,,164,,
Entrée,378,,,,352,,
Entrée,378,,,,142,,
Entrée,379,,,,74,,
Entrée,379,,,,142,,
Entrée,379,,,,335,,
Entrée,380,,,,164,,
Entrée,380,,,,352,,
Entrée,380,,,,39,,
Entrée,380,,,,74,,
Entrée,381,,,,74,,
Entrée,381,,,,164,,
Entrée,381,,,,219,,
Entrée,382,,,,74,,
Entrée,382,,,,142,,
Entrée,383,,,,92,,
Entrée,384,,,,74,,
Entrée,384,,,,142,,
Entrée,385,,,,142,,
Entrée,386,,,,142,,
Entrée,387,,,,142,,
Entrée,388,,,,142,,
Entrée,389,,,,74,,
Entrée,389,,,,39,,
Entrée,389,,,,335,,
Entrée,390,,,,142,,
Entrée,391,,,,142,,
Entrée,392,,,,142,,
Entrée,393,,,,142,,
Entrée,393,,,,335,,
Entrée,394,,,,74,,
Entrée,394,,,,142,,
Entrée,395,,,,142,,
Entrée,396,,,,142,,
Entrée,397,,,,74,,
Entrée,397,,,,172,,
Entrée,397,,,,352,,
Entrée,398,,,,74,,
Entrée,398,,,,352,,
Entrée,399,,,,74,,
Entrée,399,,,,142,,
Entrée,400,,,,142,,
Entrée,401,,,,74,,
Entrée,401,,,,172,,
Entrée,401,,,,142,,
Entrée,401,,,,7,,
Entrée,401,,,,335,,
Entrée,402,,,,74,,
Entrée,402,,,,142,,
Entrée,403,,,,142,,
Entrée,404,,,,39,,
Entrée,404,,,,142,,
Entrée,404,,,,220,,
Entrée,404,,,,183,,
Entrée,405,,,,114,,
Entrée,405,,,,164,,
Entrée,405,,,,111,,
Entrée,406,,,,39,,
Entrée,406,,,,74,,
Entrée,406,,,,142,,
Entrée,407,,,,39,,
Entrée,407,,,,164,,
Entrée,407,,,,220,,
Entrée,408,,,,164,,
Entrée,409,,,,74,,
Entrée,409,,,,142,,
Entrée,410,,,,74,,
Entrée,410,,,,142,,
Entrée,410,,,,169,,
Entrée,411,,,,74,,
Entrée,411,,,,142,,
Entrée,412,,,,74,,
Entrée,412,,,,142,,
Entrée,413,,,,74,,
Entrée,413,,,,142,,
Entrée,413,,,,335,,
Entrée,414,,,,74,,
Entrée,414,,,,142,,
Entrée,414,,,,335,,
Entrée,415,,,,142,,
Entrée,416,,,,142,,
Entrée,416,,,,335,,
Entrée,417,,,,142,,
Entrée,418,,,,74,,
Entrée,418,,,,142,,
Entrée,418,,,,219,,
Entrée,419,,,,142,,
Entrée,419,,,,335,,
Entrée,420,,,,74,,
Entrée,420,,,,220,,
Entrée,421,,,,142,,
Entrée,422,,,,74,,
Entrée,422,,,,352,,
Entrée,423,,,,74,,
Entrée,423,,,,142,,
Entrée,424,,,,142,,
Entrée,424,,,,335,,
Entrée,425,,,,142,,
Entrée,425,,,,335,,
Entrée,425,,,,74,,
Entrée,425,,,,142,,
Entrée,426,,,,142,,
Entrée,426,,,,335,,
Entrée,426,,,,74,,
Entrée,426,,,,142,,
Entrée,427,,,,39,,
Entrée,427,,,,142,,
Entrée,427,,,,74,,
Entrée,427,,,,142,,
Entrée,428,,,,39,,
Entrée,428,,,,142,,
Entrée,428,,,,74,,
Entrée,428,,,,142,,
Entrée,429,,,,74,,
Entrée,429,,,,142,,
Entrée,430,,,,39,,
Entrée,430,,,,164,,
Entrée,430,,,,352,,
Entrée,430,,,,136,,
Entrée,430,,,,142,,
Entrée,431,,,,74,,
Entrée,431,,,,142,,
Entrée,433,,,,39,,
Entrée,433,,,,142,,
Entrée,434,,,,142,,
Entrée,435,,,,142,,
Entrée,436,,,,74,,
Entrée,436,,,,142,,
Entrée,436,,,,335,,
Entrée,437,,,,74,,
Entrée,437,,,,142,,
Entrée,438,,,,120,,
Entrée,439,,,,142,,
Entrée,440,,,,74,,
Entrée,440,,,,142,,
Entrée,441,,,,352,,
Entrée,442,,,,142,,
Entrée,443,,,,142,,
Entrée,444,,,,74,,
Entrée,444,,,,142,,
Entrée,445,,,,142,,
Entrée,446,,,,142,,
Entrée,447,,,,39,,
Entrée,448,,,,74,,
Entrée,448,,,,172,,
Entrée,448,,,,142,,
Entrée,448,,,,169,,
Entrée,448,,,,7,,
Entrée,448,,,,95,,
Entrée,448,,,,335,,
Entrée,449,,,,39,,
Entrée,449,,,,84,,
Entrée,450,,,,39,,
Entrée,450,,,,142,,
Entrée,451,,,,142,,
Entrée,451,,,,335,,
Entrée,452,,,,74,,
Entrée,452,,,,142,,
Entrée,453,,,,74,,
Entrée,453,,,,142,,
Entrée,454,,,,74,,
Entrée,454,,,,142,,
Entrée,455,,,,142,,
Entrée,457,,,,88,,
Entrée,458,,,,74,,
Entrée,458,,,,142,,
Entrée,458,,,,335,,
Entrée,459,,,,37,,
Entrée,461,,,,37,,
Entrée,462,,,,74,,
Entrée,462,,,,142,,
Entrée,463,,,,74,,
Entrée,463,,,,142,,
Entrée,464,,,,39,,
Entrée,464,,,,352,,
Entrée,465,,,,45,,
Entrée,465,,,,123,,
Entrée,466,,,,348,,
Entrée,467,,,,74,,
Entrée,467,,,,142,,
Entrée,468,,,,114,,
Entrée,468,,,,74,,
Entrée,468,,,,142,,
Entrée,469,,,,142,,
Entrée,470,,,,76,,
Entrée,470,,,,156,,
Entrée,471,,,,142,,
Entrée,472,,,,114,,
Entrée,472,,,,74,,
Entrée,472,,,,142,,
Entrée,474,,,,74,,
Entrée,474,,,,346,,
Entrée,474,,,,142,,
Entrée,475,,,,39,,
Entrée,475,,,,76,,
Entrée,476,,,,142,,
Entrée,477,,,,142,,
Entrée,478,,,,164,,
Entrée,478,,,,125,,
Entrée,478,,,,352,,
Entrée,478,,,,223,,
Entrée,479,,,,74,,
Entrée,479,,,,142,,
Entrée,479,,,,219,,
Entrée,480,,,,74,,
Entrée,480,,,,142,,
Entrée,481,,,,74,,
Entrée,481,,,,142,,
Entrée,482,,,,39,,
Entrée,482,,,,142,,
Entrée,483,,,,220,,
Entrée,484,,,,142,,
Entrée,485,,,,74,,
Entrée,485,,,,142,,
Entrée,485,,,,335,,
Entrée,486,,,,74,,
Entrée,486,,,,142,,
Entrée,487,,,,39,,
Entrée,487,,,,164,,
Entrée,488,,,,142,,
Entrée,489,,,,74,,
Entrée,489,,,,142,,
Entrée,490,,,,142,,
Entrée,491,,,,74,,
Entrée,491,,,,142,,
Entrée,492,,,,114,,
Entrée,492,,,,164,,
Entrée,492,,,,142,,
Entrée,493,,,,74,,
Entrée,493,,,,142,,
Entrée,494,,,,74,,
Entrée,494,,,,220,,
Entrée,495,,,,133,,
Entrée,496,,,,74,,
Entrée,496,,,,142,,
Entrée,497,,,,352,,
Entrée,497,,,,164,,
Entrée,498,,,,74,,
Entrée,498,,,,142,,
Entrée,498,,,,335,,
Entrée,499,,,,142,,
Entrée,500,,,,74,,
Entrée,500,,,,142,,
Entrée,500,,,,169,,
Entrée,501,,,,74,,
Entrée,501,,,,142,,
Entrée,502,,,,178,,
Entrée,503,,,,74,,
Entrée,503,,,,142,,
Entrée,503,,,,335,,
Entrée,504,,,,142,,
Entrée,505,,,,74,,
Entrée,505,,,,142,,
Entrée,506,,,,74,,
Entrée,506,,,,142,,
Entrée,507,,,,74,,
Entrée,507,,,,142,,
Entrée,508,,,,74,,
Entrée,508,,,,142,,
Entrée,509,,,,120,,
Entrée,510,,,,120,,
Entrée,511,,,,74,,
Entrée,511,,,,142,,
Entrée,512,,,,74,,
Entrée,512,,,,142,,
Entrée,513,,,,74,,
Entrée,513,,,,142,,
Entrée,513,,,,335,,
Entrée,513,,,,112,,
Entrée,514,,,,142,,
Entrée,515,,,,142,,
Entrée,516,,,,142,,
Entrée,516,,,,335,,
Entrée,517,,,,74,,
Entrée,517,,,,164,,
Entrée,517,,,,142,,
Entrée,517,,,,219,,
Entrée,518,,,,142,,
Entrée,525,,,,39,,
Entrée,525,,,,142,,
Entrée,525,,,,335,,
Entrée,526,,,,142,,
Entrée,527,,,,74,,
Entrée,527,,,,220,,
Entrée,527,,,,142,,
Entrée,528,,,,74,,
Entrée,528,,,,220,,
Entrée,528,,,,142,,
Entrée,529,,,,164,,
Entrée,530,,,,74,,
Entrée,530,,,,142,,
Entrée,531,,,,142,,
Entrée,532,,,,74,,
Entrée,532,,,,352,,
Entrée,532,,,,142,,
Entrée,533,,,,74,,
Entrée,533,,,,142,,
Entrée,534,,,,39,,
Entrée,534,,,,22,,
Entrée,535,,,,74,,
Entrée,535,,,,142,,
Entrée,536,,,,39,,
Entrée,536,,,,74,,
Entrée,536,,,,352,,
Entrée,537,,,,142,,
Entrée,538,,,,74,,
Entrée,538,,,,164,,
Entrée,538,,,,142,,
Entrée,539,,,,74,,
Entrée,539,,,,142,,
Entrée,539,,,,335,,
Entrée,540,,,,39,,
Entrée,540,,,,136,,
Entrée,540,,,,142,,
Entrée,541,,,,74,,
Entrée,541,,,,164,,
Entrée,542,,,,74,,
Entrée,542,,,,142,,
Entrée,543,,,,142,,
Entrée,544,,,,18,,
Entrée,545,,,,142,,
Entrée,546,,,,74,,
Entrée,546,,,,142,,
Entrée,547,,,,74,,
Entrée,547,,,,142,,
Entrée,548,,,,74,,
Entrée,548,,,,142,,
Entrée,549,,,,164,,
Entrée,549,,,,219,,
Entrée,550,,,,142,,
Entrée,551,,,,74,,
Entrée,551,,,,352,,
Entrée,552,,,,74,,
Entrée,552,,,,220,,
Entrée,553,,,,164,,
Entrée,553,,,,39,,
Entrée,553,,,,142,,
Entrée,554,,,,142,,
Entrée,555,,,,142,,
Entrée,556,,,,74,,
Entrée,556,,,,142,,
Entrée,557,,,,74,,
Entrée,557,,,,352,,
Entrée,557,,,,125,,
Entrée,558,,,,142,,
Entrée,559,,,,39,,
Entrée,559,,,,352,,
Entrée,559,,,,220,,
Entrée,559,,,,142,,
Entrée,560,,,,39,,
Entrée,560,,,,352,,
Entrée,560,,,,142,,
Entrée,562,,,,74,,
Entrée,562,,,,142,,
Entrée,563,,,,142,,
Entrée,564,,,,164,,
Entrée,565,,,,142,,
Entrée,565,,,,136,,
Entrée,566,,,,74,,
Entrée,566,,,,142,,
Entrée,567,,,,142,,
Entrée,568,,,,74,,
Entrée,570,,,,133,,
Entrée,571,,,,39,,
Entrée,571,,,,164,,
Entrée,571,,,,352,,
Entrée,572,,,,39,,
Entrée,572,,,,74,,
Entrée,572,,,,142,,
Entrée,573,,,,74,,
Entrée,573,,,,142,,
Entrée,574,,,,142,,
Entrée,574,,,,335,,
Entrée,574,,,,169,,
Entrée,575,,,,142,,
Entrée,576,,,,74,,
Entrée,576,,,,142,,
Entrée,577,,,,74,,
Entrée,577,,,,142,,
Entrée,577,,,,335,,
Entrée,578,,,,142,,
Entrée,579,,,,142,,
Entrée,580,,,,142,,
Entrée,581,,,,142,,
Entrée,582,,,,142,,
Entrée,583,,,,74,,
Entrée,583,,,,142,,
Entrée,583,,,,335,,
Entrée,584,,,,74,,
Entrée,584,,,,142,,
Entrée,585,,,,74,,
Entrée,585,,,,352,,
Entrée,586,,,,74,,
Entrée,586,,,,142,,
Entrée,587,,,,39,,
Entrée,587,,,,74,,
Entrée,587,,,,164,,
Entrée,589,,,,74,,
Entrée,589,,,,142,,
Entrée,590,,,,74,,
Entrée,590,,,,142,,
Entrée,591,,,,74,,
Entrée,591,,,,112,,
Entrée,591,,,,142,,
Entrée,592,,,,39,,
Entrée,592,,,,136,,
Entrée,593,,,,142,,
Entrée,593,,,,298,,
Entrée,594,,,,355,,
Entrée,594,,,,222,,
Entrée,595,,,,114,,
Entrée,596,,,,142,,
Entrée,597,,,,142,,
Entrée,598,,,,39,,
Entrée,598,,,,74,,
Entrée,598,,,,219,,
Entrée,599,,,,142,,
Entrée,600,,,,142,,
Entrée,600,,,,335,,
Entrée,601,,,,114,,
Entrée,601,,,,39,,
Entrée,601,,,,136,,
Entrée,601,,,,142,,
Entrée,602,,,,142,,
Entrée,603,,,,142,,
Entrée,604,,,,74,,
Entrée,604,,,,142,,
Entrée,604,,,,220,,
Entrée,605,,,,74,,
Entrée,605,,,,142,,
Entrée,606,,,,164,,
Entrée,606,,,,74,,
Entrée,606,,,,111,,
Entrée,607,,,,142,,
Entrée,608,,,,74,,
Entrée,608,,,,142,,
Entrée,609,,,,74,,
Entrée,609,,,,142,,
Entrée,610,,,,74,,
Entrée,610,,,,142,,
Entrée,610,,,,335,,
Entrée,611,,,,142,,
Entrée,612,,,,74,,
Entrée,612,,,,142,,
Entrée,613,,,,74,,
Entrée,613,,,,142,,
Entrée,613,,,,335,,
Entrée,614,,,,74,,
Entrée,614,,,,142,,
Entrée,614,,,,169,,
Entrée,614,,,,74,,
Entrée,614,,,,142,,
Entrée,615,,,,74,,
Entrée,615,,,,142,,
Entrée,615,,,,169,,
Entrée,615,,,,74,,
Entrée,615,,,,142,,
Entrée,616,,,,142,,
Entrée,617,,,,74,,
Entrée,617,,,,142,,
Entrée,617,,,,335,,
Entrée,618,,,,74,,
Entrée,618,,,,142,,
Entrée,619,,,,74,,
Entrée,619,,,,142,,
Entrée,619,,,,335,,
Entrée,619,,,,169,,
Entrée,620,,,,142,,
Entrée,621,,,,164,,
Entrée,621,,,,142,,
Entrée,622,,,,74,,
Entrée,622,,,,142,,
Entrée,623,,,,74,,
Entrée,623,,,,142,,
Entrée,624,,,,355,,
Entrée,625,,,,142,,
Entrée,626,,,,74,,
Entrée,626,,,,142,,
Entrée,627,,,,74,,
Entrée,627,,,,142,,
Entrée,628,,,,74,,
Entrée,628,,,,142,,
Entrée,628,,,,335,,
Entrée,629,,,,142,,
Entrée,630,,,,74,,
Entrée,630,,,,142,,
Entrée,631,,,,39,,
Entrée,631,,,,164,,
Entrée,632,,,,352,,
Entrée,633,,,,192,,
Entrée,634,,,,74,,
Entrée,634,,,,142,,
Entrée,635,,,,164,,
Entrée,635,,,,346,,
Entrée,635,,,,142,,
Entrée,636,,,,203,,
Entrée,637,,,,39,,
Entrée,637,,,,352,,
Entrée,638,,,,74,,
Entrée,638,,,,142,,
Entrée,638,,,,335,,
Entrée,639,,,,142,,
Entrée,640,,,,74,,
Entrée,640,,,,142,,
Entrée,641,,,,74,,
Entrée,641,,,,142,,
Entrée,641,,,,335,,
Entrée,642,,,,39,,
Entrée,642,,,,142,,
Entrée,643,,,,352,,
Entrée,644,,,,142,,
Entrée,645,,,,142,,
Entrée,645,,,,335,,
Entrée,646,,,,120,,
Entrée,647,,,,142,,
Entrée,648,,,,142,,
Entrée,649,,,,142,,
Entrée,649,,,,74,,
Entrée,649,,,,142,,
Entrée,651,,,,74,,
Entrée,652,,,,142,,
Entrée,652,,,,74,,
Entrée,652,,,,142,,
Entrée,653,,,,142,,
Entrée,654,,,,142,,
Entrée,655,,,,142,,
Entrée,656,,,,39,,
Entrée,656,,,,164,,
Entrée,656,,,,352,,
Entrée,657,,,,74,,
Entrée,657,,,,142,,
Entrée,657,,,,335,,
Entrée,658,,,,164,,
Entrée,658,,,,142,,
Entrée,659,,,,142,,
Entrée,660,,,,74,,
Entrée,660,,,,142,,
Entrée,661,,,,142,,
Entrée,662,,,,119,,
Entrée,662,,,,53,,
Entrée,662,,,,111,,
Entrée,663,,,,74,,
Entrée,663,,,,142,,
Entrée,664,,,,142,,
Entrée,665,,,,142,,
Entrée,665,,,,169,,
Entrée,666,,,,74,,
Entrée,666,,,,352,,
Entrée,667,,,,164,,
Entrée,668,,,,335,,
Entrée,669,,,,221,,
Entrée,670,,,,74,,
Entrée,670,,,,164,,
Entrée,670,,,,142,,
Entrée,670,,,,169,,
Entrée,671,,,,142,,
Entrée,671,,,,74,,
Entrée,671,,,,142,,
Entrée,672,,,,142,,
Entrée,672,,,,74,,
Entrée,672,,,,142,,
Entrée,673,,,,142,,
Entrée,674,,,,142,,
Entrée,674,,,,335,,
Entrée,674,,,,7,,
Entrée,675,,,,142,,
Entrée,676,,,,142,,
Entrée,677,,,,142,,
Entrée,678,,,,142,,
Entrée,679,,,,74,,
Entrée,679,,,,142,,
Entrée,680,,,,142,,
Entrée,681,,,,74,,
Entrée,681,,,,142,,
Entrée,682,,,,142,,
Entrée,683,,,,74,,
Entrée,683,,,,142,,
Entrée,684,,,,142,,
Entrée,685,,,,142,,
Entrée,686,,,,74,,
Entrée,686,,,,142,,
Entrée,687,,,,142,,
Entrée,688,,,,142,,
Entrée,688,,,,335,,
Entrée,689,,,,74,,
Entrée,689,,,,142,,
Entrée,690,,,,142,,
Entrée,691,,,,142,,
Entrée,692,,,,74,,
Entrée,692,,,,142,,
Entrée,693,,,,142,,
Entrée,694,,,,142,,
Entrée,695,,,,142,,
Entrée,695,,,,298,,
Entrée,696,,,,74,,
Entrée,696,,,,164,,
Entrée,696,,,,142,,
Entrée,697,,,,74,,
Entrée,697,,,,142,,
Entrée,697,,,,335,,
Entrée,697,,,,112,,
Entrée,698,,,,133,,
Entrée,699,,,,142,,
Entrée,700,,,,142,,
Entrée,700,,,,169,,
Entrée,701,,,,142,,
Entrée,702,,,,74,,
Entrée,702,,,,142,,
Entrée,702,,,,169,,
Entrée,703,,,,142,,
Entrée,704,,,,74,,
Entrée,704,,,,142,,
Entrée,704,,,,335,,
Entrée,705,,,,142,,
Entrée,706,,,,142,,
Entrée,706,,,,335,,
Entrée,707,,,,142,,
Entrée,707,,,,169,,
Entrée,708,,,,142,,
Entrée,709,,,,74,,
Entrée,709,,,,142,,
Entrée,710,,,,74,,
Entrée,710,,,,142,,
Entrée,711,,,,164,,
Entrée,711,,,,74,,
Entrée,711,,,,46,,
Entrée,711,,,,125,,
Entrée,712,,,,142,,
Entrée,714,,,,74,,
Entrée,714,,,,142,,
Entrée,715,,,,142,,
Entrée,715,,,,169,,
Entrée,716,,,,74,,
Entrée,716,,,,142,,
Entrée,717,,,,142,,
Entrée,718,,,,39,,
Entrée,718,,,,352,,
Entrée,719,,,,39,,
Entrée,719,,,,164,,
Entrée,721,,,,222,,
Entrée,722,,,,142,,
Entrée,723,,,,142,,
Entrée,724,,,,142,,
Entrée,725,,,,142,,
Entrée,726,,,,74,,
Entrée,726,,,,142,,
Entrée,727,,,,142,,
Entrée,728,,,,142,,
Entrée,728,,,,335,,
Entrée,729,,,,74,,
Entrée,729,,,,142,,
Entrée,730,,,,39,,
Entrée,730,,,,352,,
Entrée,731,,,,142,,
Entrée,731,,,,335,,
Entrée,732,,,,74,,
Entrée,732,,,,142,,
Entrée,732,,,,335,,
Entrée,733,,,,142,,
Entrée,734,,,,74,,
Entrée,734,,,,142,,
Entrée,734,,,,335,,
Entrée,735,,,,74,,
Entrée,735,,,,142,,
Entrée,736,,,,142,,
Entrée,737,,,,74,,
Entrée,737,,,,142,,
Entrée,737,,,,335,,
Entrée,738,,,,142,,
Entrée,739,,,,60,,
Entrée,739,,,,39,,
Entrée,739,,,,164,,
Entrée,739,,,,142,,
Entrée,740,,,,74,,
Entrée,740,,,,142,,
Entrée,741,,,,74,,
Entrée,741,,,,142,,
Entrée,742,,,,74,,
Entrée,742,,,,142,,
Entrée,743,,,,74,,
Entrée,743,,,,142,,
Entrée,745,,,,142,,
Entrée,746,,,,142,,
Entrée,747,,,,39,,
Entrée,747,,,,74,,
Entrée,747,,,,335,,
Entrée,747,,,,169,,
Entrée,748,,,,74,,
Entrée,748,,,,142,,
Entrée,749,,,,142,,
Entrée,749,,,,335,,
Entrée,750,,,,74,,
Entrée,750,,,,164,,
Entrée,750,,,,142,,
Entrée,751,,,,74,,
Entrée,751,,,,142,,
Entrée,752,,,,74,,
Entrée,752,,,,142,,
Entrée,753,,,,74,,
Entrée,753,,,,142,,
Entrée,754,,,,74,,
Entrée,754,,,,142,,
Entrée,755,,,,39,,
Entrée,755,,,,142,,
Entrée,756,,,,74,,
Entrée,756,,,,142,,
Entrée,757,,,,39,,
Entrée,757,,,,352,,
Entrée,757,,,,52,,
Entrée,758,,,,74,,
Entrée,758,,,,142,,
Entrée,759,,,,114,,
Entrée,760,,,,74,,
Entrée,760,,,,142,,
Entrée,761,,,,39,,
Entrée,761,,,,74,,
Entrée,762,,,,74,,
Entrée,762,,,,142,,
Entrée,763,,,,74,,
Entrée,763,,,,142,,
Entrée,764,,,,74,,
Entrée,764,,,,142,,
Entrée,765,,,,142,,
Entrée,766,,,,74,,
Entrée,766,,,,142,,
Entrée,766,,,,192,,
Entrée,766,,,,335,,
Entrée,767,,,,74,,
Entrée,767,,,,136,,
Entrée,768,,,,39,,
Entrée,768,,,,142,,
Entrée,769,,,,142,,
Entrée,770,,,,74,,
Entrée,770,,,,142,,
Entrée,771,,,,39,,
Entrée,771,,,,136,,
Entrée,772,,,,74,,
Entrée,772,,,,142,,
Entrée,772,,,,39,,
Entrée,772,,,,169,,
Entrée,772,,,,203,,
Entrée,772,,,,355,,
Entrée,773,,,,74,,
Entrée,773,,,,142,,
Entrée,774,,,,74,,
Entrée,774,,,,142,,
Entrée,775,,,,74,,
Entrée,775,,,,142,,
Entrée,776,,,,74,,
Entrée,776,,,,164,,
Entrée,776,,,,142,,
Entrée,777,,,,39,,
Entrée,778,,,,74,,
Entrée,778,,,,142,,
Entrée,778,,,,39,,
Entrée,778,,,,169,,
Entrée,778,,,,203,,
Entrée,778,,,,355,,
Entrée,779,,,,74,,
Entrée,779,,,,217,,
Entrée,780,,,,74,,
Entrée,780,,,,142,,
Entrée,781,,,,142,,
Entrée,782,,,,164,,
Entrée,782,,,,111,,
Entrée,783,,,,74,,
Entrée,783,,,,142,,
Entrée,784,,,,74,,
Entrée,784,,,,142,,
Entrée,785,,,,74,,
Entrée,785,,,,70,,
Entrée,786,,,,74,,
Entrée,786,,,,75,,
Entrée,786,,,,70,,
Entrée,787,,,,74,,
Entrée,787,,,,142,,
Entrée,788,,,,121,,
Entrée,788,,,,74,,
Entrée,788,,,,164,,
Entrée,788,,,,142,,
Entrée,788,,,,335,,
Entrée,789,,,,74,,
Entrée,789,,,,142,,
Entrée,789,,,,112,,
Entrée,790,,,,74,,
Entrée,790,,,,142,,
Entrée,791,,,,74,,
Entrée,791,,,,142,,
Entrée,792,,,,74,,
Entrée,792,,,,142,,
Entrée,793,,,,74,,
Entrée,793,,,,142,,
Entrée,794,,,,74,,
Entrée,794,,,,142,,
Entrée,795,,,,352,,
Entrée,796,,,,74,,
Entrée,796,,,,142,,
Entrée,796,,,,169,,
Entrée,797,,,,74,,
Entrée,797,,,,142,,
Entrée,798,,,,39,,
Entrée,798,,,,352,,
Entrée,799,,,,74,,
Entrée,799,,,,352,,
Entrée,800,,,,74,,
Entrée,800,,,,142,,
Entrée,801,,,,74,,
Entrée,801,,,,142,,
Entrée,801,,,,335,,
Entrée,802,,,,74,,
Entrée,802,,,,142,,
Entrée,802,,,,136,,
Entrée,802,,,,335,,
Entrée,803,,,,74,,
Entrée,803,,,,142,,
Entrée,804,,,,39,,
Entrée,804,,,,74,,
Entrée,804,,,,142,,
Entrée,804,,,,335,,
Entrée,805,,,,74,,
Entrée,805,,,,142,,
Entrée,806,,,,74,,
Entrée,806,,,,142,,
Entrée,806,,,,335,,
Entrée,806,,,,169,,
Entrée,807,,,,355,,
Entrée,809,,,,142,,
Entrée,810,,,,74,,
Entrée,810,,,,142,,
Entrée,810,,,,219,,
Entrée,811,,,,114,,
Entrée,811,,,,164,,
Entrée,811,,,,39,,
Entrée,811,,,,142,,
Entrée,811,,,,345,,
Entrée,811,,,,111,,
Entrée,812,,,,39,,
Entrée,812,,,,164,,
Entrée,812,,,,142,,
Entrée,812,,,,39,,
Entrée,812,,,,136,,
Entrée,813,,,,39,,
Entrée,813,,,,164,,
Entrée,813,,,,142,,
Entrée,813,,,,39,,
Entrée,813,,,,136,,
Entrée,814,,,,142,,
Entrée,815,,,,142,,
Entrée,816,,,,74,,
Entrée,816,,,,142,,
Entrée,816,,,,169,,
Entrée,817,,,,39,,
Entrée,818,,,,220,,
Entrée,819,,,,74,,
Entrée,819,,,,181,,
Entrée,820,,,,74,,
Entrée,821,,,,74,,
Entrée,821,,,,142,,
Entrée,822,,,,74,,
Entrée,822,,,,142,,
Entrée,823,,,,74,,
Entrée,823,,,,142,,
Entrée,824,,,,142,,
Entrée,825,,,,74,,
Entrée,825,,,,142,,
Entrée,826,,,,74,,
Entrée,826,,,,142,,
Entrée,827,,,,74,,
Entrée,827,,,,142,,
Entrée,828,,,,74,,
Entrée,828,,,,142,,
Entrée,828,,,,335,,
Entrée,829,,,,74,,
Entrée,829,,,,142,,
Entrée,829,,,,335,,
Entrée,830,,,,142,,
Entrée,830,,,,74,,
Entrée,830,,,,142,,
Entrée,831,,,,142,,
Entrée,831,,,,74,,
Entrée,831,,,,142,,
Entrée,832,,,,74,,
Entrée,832,,,,142,,
Entrée,833,,,,74,,
Entrée,833,,,,142,,
Entrée,833,,,,169,,
Entrée,834,,,,76,,
Entrée,835,,,,39,,
Entrée,835,,,,142,,
Entrée,835,,,,136,,
Entrée,836,,,,74,,
Entrée,836,,,,142,,
Entrée,836,,,,335,,
Entrée,837,,,,60,,
Entrée,837,,,,74,,
Entrée,837,,,,142,,
Entrée,838,,,,74,,
Entrée,838,,,,301,,
Entrée,839,,,,39,,
Entrée,839,,,,164,,
Entrée,839,,,,352,,
Entrée,840,,,,74,,
Entrée,840,,,,142,,
Entrée,841,,,,74,,
Entrée,841,,,,352,,
Entrée,842,,,,37,,
Entrée,843,,,,39,,
Entrée,843,,,,352,,
Entrée,843,,,,142,,
Entrée,844,,,,74,,
Entrée,844,,,,142,,
Entrée,845,,,,74,,
Entrée,845,,,,142,,
Entrée,846,,,,74,,
Entrée,846,,,,142,,
Entrée,847,,,,39,,
Entrée,847,,,,74,,
Entrée,847,,,,142,,
Entrée,848,,,,142,,
Entrée,849,,,,142,,
Entrée,850,,,,114,,
Entrée,850,,,,164,,
Entrée,850,,,,142,,
Entrée,850,,,,345,,
Entrée,851,,,,39,,
Entrée,851,,,,164,,
Entrée,851,,,,142,,
Entrée,852,,,,114,,
Entrée,853,,,,39,,
Entrée,853,,,,74,,
Entrée,853,,,,142,,
Entrée,854,,,,74,,
Entrée,854,,,,142,,
Sortie,2,1472-04-29,,,,,<p>Motif de la sortie : Mortem</p>
Sortie,6,1415,,,,,<p>Motif de la sortie : Mortem</p>
Sortie,15,1417-01-15,,,,,<p>Motif de la sortie : Mortem</p>
Sortie,23,1490-12-10,,,,,<p>Motif de la sortie : Mortem</p>
Sortie,43,,,,,,<p>Motif de la sortie : Eleccio</p>
Sortie,47,1462-08-06,,,,,<p>Motif de la sortie : Mortem</p>
Sortie,52,,,,,,<p>Motif de la sortie : Mortem</p>
Sortie,56,1473-12-29,,,,,<p>Motif de la sortie : Mortem</p>
Sortie,58,1419-05-09,,,,,<p>Motif de la sortie : Mortem</p>
Sortie,63,,,,,,<p>Motif de la sortie : Eleccio</p>
Sortie,66,1459-02-13,,,,,<p>Motif de la sortie : Mortem</p>
Sortie,69,1492-07-05,,,,,<p>Motif de la sortie : Mortem</p>
Sortie,70,1446,,,,,<p>Motif de la sortie : Mortem</p>
Sortie,72,1414-10-20,,,,,<p>Motif de la sortie : Mortem</p>
Sortie,77,1495-11-12,,,,,<p>Motif de la sortie : Mortem</p>
Sortie,80,1409-07-15,,,,,<p>Motif de la sortie : Mortem</p>
Sortie,98,1487-10-22,,,,,<p>Motif de la sortie : Mortem</p>
Sortie,100,,,,,,<p>Motif de la sortie : Resignacio</p>
Sortie,105,,,,,,<p>Motif de la sortie : Licenciacio</p>
Sortie,107,,,,,,<p>Motif de la sortie : Expulsio</p>
Sortie,108,1482,,,,,<p>Motif de la sortie : Mortem</p>
Sortie,110,1482,,,,,<p>Motif de la sortie : Mortem</p>
Sortie,116,,,,,,<p>Motif de la sortie : Mortem</p>
Sortie,118,,,,,,<p>Motif de la sortie : Eleccio</p>
Sortie,119,,,,,,<p>Motif de la sortie : Mortem</p>
Sortie,121,1482-04-19,,,,,<p>Motif de la sortie : Mortem</p>
Sortie,125,1502,,,,,<p>Motif de la sortie : Resignacio</p>
Sortie,130,1456,,,,,<p>Motif de la sortie : Mortem</p>
Sortie,131,1468-12-16,,,,,<p>Motif de la sortie : Mortem</p>
Sortie,134,1424,,,,,<p>Motif de la sortie : Mortem</p>
Sortie,135,1453-02-04,,,,,<p>Motif de la sortie : Mortem</p>
Sortie,136,1443-09-23,,,,,<p>Motif de la sortie : Mortem</p>
Sortie,137,1482-09-13,,,,,<p>Motif de la sortie : Mortem</p>
Sortie,138,1475,,,,,<p>Motif de la sortie : Mortem</p>
Sortie,139,,,,,,<p>Motif de la sortie : Renunciacio</p>
Sortie,140,1418-05-01,,,,,<p>Motif de la sortie : Mortem</p>
Sortie,142,1452-07-01,,,,,<p>Motif de la sortie : Autre</p>
Sortie,148,,,,,,<p>Motif de la sortie : Permutacio</p>
Sortie,150,,,,,,<p>Motif de la sortie : Mortem</p>
Sortie,150,,,,,,<p>Motif de la sortie : Resignacio</p>
Sortie,152,1496-04-19,,,,,<p>Motif de la sortie : Mortem</p>
Sortie,153,,,,,,<p>Motif de la sortie : Eleccio</p>
Sortie,156,,,,,,<p>Motif de la sortie : Eleccio</p>
Sortie,159,,,,,,<p>Motif de la sortie : Mortem</p>
Sortie,162,,,,,,<p>Motif de la sortie : Eleccio</p>
Sortie,166,1418-10,,,,,<p>Motif de la sortie : Mortem</p>
Sortie,174,,,,,,<p>Motif de la sortie : Mortem</p>
Sortie,177,,,,,,<p>Motif de la sortie : Mortem</p>
Sortie,181,1446-05-16,,,,,<p>Motif de la sortie : Mortem</p>
Sortie,184,1416-12,,,,,<p>Motif de la sortie : Mortem</p>
Sortie,188,1469-04-30,,,,,<p>Motif de la sortie : Mortem</p>
Sortie,195,,,,,,<p>Motif de la sortie : Mortem</p>
Sortie,195,,,,,,<p>Motif de la sortie : Resignacio</p>
Sortie,204,1414-02-23,,,,,<p>Motif de la sortie : Mortem</p>
Sortie,204,1443-04-13,,,,,<p>Motif de la sortie : Mortem</p>
Sortie,205,1414-02-23,,,,,<p>Motif de la sortie : Mortem</p>
Sortie,205,1443-04-13,,,,,<p>Motif de la sortie : Mortem</p>
Sortie,206,1476-03-03,,,,,<p>Motif de la sortie : Mortem</p>
Sortie,208,1418-11,,,,,<p>Motif de la sortie : Mortem</p>
Sortie,212,1459-09,,,,,<p>Motif de la sortie : Mortem</p>
Sortie,222,1451-05-08,,,,,<p>Motif de la sortie : Mortem</p>
Sortie,223,1458-08-11,,,,,<p>Motif de la sortie : Mortem</p>
Sortie,247,1484-09-18,,,,,<p>Motif de la sortie : Mortem</p>
Sortie,253,,,,,,<p>Motif de la sortie : Mortem</p>
Sortie,257,1467-07-06,,,,,<p>Motif de la sortie : Mortem</p>
Sortie,258,,,,,,<p>Motif de la sortie : Eleccio</p>
Sortie,259,,,,,,<p>Motif de la sortie : Mortem</p>
Sortie,261,1471,,,,,<p>Motif de la sortie : Mortem</p>
Sortie,264,,,,,,<p>Motif de la sortie : Mortem</p>
Sortie,265,1400-01-23,,,,,<p>Motif de la sortie : Mortem</p>
Sortie,269,1495-04-26,,,,,<p>Motif de la sortie : Mortem</p>
Sortie,270,1469-10-23,,,,,<p>Motif de la sortie : Mortem</p>
Sortie,272,1501-10-02,,,,,<p>Motif de la sortie : Mortem</p>
Sortie,273,1462-05-08,,,,,<p>Motif de la sortie : Mortem</p>
Sortie,276,1449-10-11,,,,,<p>Motif de la sortie : Resignacio</p>
Sortie,278,1475-09-03,,,,,<p>Motif de la sortie : Mortem</p>
Sortie,281,1445-12-08,,,,,<p>Motif de la sortie : Mortem</p>
Sortie,283,1412-10-07,,,,,<p>Motif de la sortie : Mortem</p>
Sortie,284,,,,,,<p>Motif de la sortie : Mortem</p>
Sortie,294,,,,,,<p>Motif de la sortie : Eleccio</p>
Sortie,296,1458-01-03,,,,,<p>Motif de la sortie : Mortem</p>
Sortie,307,1460-03-07,,,,,<p>Motif de la sortie : Eleccio</p>
Sortie,312,1370-11-20,,,,,<p>Motif de la sortie : Mortem</p>
Sortie,315,1478,,,,,<p>Motif de la sortie : Mortem</p>
Sortie,316,1454,,,,,<p>Motif de la sortie : Eleccio</p>
Sortie,317,1470-11-06,,,,,<p>Motif de la sortie : Mortem</p>
Sortie,319,1500-07-21,,,,,<p>Motif de la sortie : Mortem</p>
Sortie,332,,,,,,<p>Motif de la sortie : Mortem</p>
Sortie,333,1427,,,,,<p>Motif de la sortie : Autre</p>
Sortie,338,1449-08-25,,,,,<p>Motif de la sortie : Mortem</p>
Sortie,339,1436-06-15,,,,,<p>Motif de la sortie : Mortem</p>
Sortie,340,1416-06-03,,,,,<p>Motif de la sortie : Mortem</p>
Sortie,341,1479-01-23,,,,,<p>Motif de la sortie : Mortem</p>
Sortie,343,1452-05-23,,,,,<p>Motif de la sortie : Mortem</p>
Sortie,346,,,,,,<p>Motif de la sortie : Mortem</p>
Sortie,353,1455-10-05,,,,,<p>Motif de la sortie : Mortem</p>
Sortie,358,1501,,,,,<p>Motif de la sortie : Mortem</p>
Sortie,360,1466,,,,,<p>Motif de la sortie : Autre</p>
Sortie,362,,,,,,<p>Motif de la sortie : Resignacio</p>
Sortie,367,1418-09-02,,,,,<p>Motif de la sortie : Mortem</p>
Sortie,368,,,,,,<p>Motif de la sortie : Resignacio</p>
Sortie,370,1494-09-12,,,,,<p>Motif de la sortie : Mortem</p>
Sortie,371,1451-05-28,,,,,<p>Motif de la sortie : Renunciacio</p>
Sortie,374,1475-01-30,,,,,<p>Motif de la sortie : Mortem</p>
Sortie,376,1487-08-31,,,,,<p>Motif de la sortie : Resignacio</p>
Sortie,377,1473-10-06,,,,,<p>Motif de la sortie : Autre</p>
Sortie,380,1454,,,,,<p>Motif de la sortie : Mortem</p>
Sortie,384,1475-03-22,,,,,<p>Motif de la sortie : Mortem</p>
Sortie,387,,,,,,<p>Motif de la sortie : Resignacio</p>
Sortie,393,,,,,,<p>Motif de la sortie : Mortem</p>
Sortie,394,1443,,,,,<p>Motif de la sortie : Mortem</p>
Sortie,398,1465,,,,,<p>Motif de la sortie : Mortem</p>
Sortie,401,1493-02-22,,,,,<p>Motif de la sortie : Mortem</p>
Sortie,404,,,,,,<p>Motif de la sortie : Mortem</p>
Sortie,405,1451-10-04,,,,,<p>Motif de la sortie : Licenciacio</p>
Sortie,406,1468-09-08,,,,,<p>Motif de la sortie : Mortem</p>
Sortie,407,1421-03-24,,,,,<p>Motif de la sortie : Mortem</p>
Sortie,410,,,,,,<p>Motif de la sortie : Eleccio</p>
Sortie,413,,,,,,<p>Motif de la sortie : Autre</p>
Sortie,417,1415-02-10,,,,,<p>Motif de la sortie : Mortem</p>
Sortie,419,,,,,,<p>Motif de la sortie : Mortem</p>
Sortie,423,1437-04-15,,,,,<p>Motif de la sortie : Mortem</p>
Sortie,431,,,,,,<p>Motif de la sortie : Mortem</p>
Sortie,437,,,,,,<p>Motif de la sortie : Mortem</p>
Sortie,440,1458-08,,,,,<p>Motif de la sortie : Resignacio</p>
Sortie,441,1451,,,,,<p>Motif de la sortie : Mortem</p>
Sortie,442,,,,,,<p>Motif de la sortie : Resignacio</p>
Sortie,443,,,,,,<p>Motif de la sortie : Mortem</p>
Sortie,448,1444,,,,,<p>Motif de la sortie : Eleccio</p>
Sortie,451,,,,,,<p>Motif de la sortie : Mortem</p>
Sortie,453,1418-09-29,,,,,<p>Motif de la sortie : Mortem</p>
Sortie,455,1463-07-08,,,,,<p>Motif de la sortie : Mortem</p>
Sortie,464,1482,,,,,<p>Motif de la sortie : Mortem</p>
Sortie,465,,,,,,<p>Motif de la sortie : Mortem</p>
Sortie,466,1474-08-25,,,,,<p>Motif de la sortie : Mortem</p>
Sortie,470,,,,,,<p>Motif de la sortie : Mortem</p>
Sortie,475,1434-05-21,,,,,<p>Motif de la sortie : Mortem</p>
Sortie,477,,,,,,<p>Motif de la sortie : Mortem</p>
Sortie,478,1485,,,,,<p>Motif de la sortie : Resignacio</p>
Sortie,479,1454-01-21,,,,,<p>Motif de la sortie : Mortem</p>
Sortie,485,1482-09-09,,,,,<p>Motif de la sortie : Mortem</p>
Sortie,492,1473,,,,,<p>Motif de la sortie : Mortem</p>
Sortie,496,1491-05-23,,,,,<p>Motif de la sortie : Mortem</p>
Sortie,497,1433,,,,,<p>Motif de la sortie : Mortem</p>
Sortie,498,1430,,,,,<p>Motif de la sortie : Mortem</p>
Sortie,500,1449,,,,,<p>Motif de la sortie : Eleccio</p>
Sortie,508,1488-06-21,,,,,<p>Motif de la sortie : Mortem</p>
Sortie,511,1468-12-28,,,,,<p>Motif de la sortie : Mortem</p>
Sortie,512,1489-08-28,,,,,<p>Motif de la sortie : Mortem</p>
Sortie,527,,,,,,<p>Motif de la sortie : Resignacio;Permutacio</p>
Sortie,528,,,,,,<p>Motif de la sortie : Resignacio;Permutacio</p>
Sortie,535,1420-08-08,,,,,<p>Motif de la sortie : Mortem</p>
Sortie,538,1463-07-20,,,,,<p>Motif de la sortie : Mortem</p>
Sortie,542,1452,,,,,<p>Motif de la sortie : Mortem</p>
Sortie,553,1451-08-05,,,,,<p>Motif de la sortie : Mortem</p>
Sortie,559,1433-09-13,,,,,<p>Motif de la sortie : Mortem</p>
Sortie,574,1388,,,,,<p>Motif de la sortie : Eleccio</p>
Sortie,576,1409-05-18,,,,,<p>Motif de la sortie : Mortem</p>
Sortie,577,1486-08-01,,,,,<p>Motif de la sortie : Mortem</p>
Sortie,578,,,,,,<p>Motif de la sortie : Mortem</p>
Sortie,582,1468-05-16,,,,,<p>Motif de la sortie : Mortem</p>
Sortie,584,1471-10-05,,,,,<p>Motif de la sortie : Mortem</p>
Sortie,586,,,,,,<p>Motif de la sortie : Mortem</p>
Sortie,590,1452-07-01,,,,,<p>Motif de la sortie : Resignacio</p>
Sortie,601,1475-03-27,,,,,<p>Motif de la sortie : Mortem</p>
Sortie,610,1472-02-24,,,,,<p>Motif de la sortie : Mortem</p>
Sortie,617,1402-10-09,,,,,<p>Motif de la sortie : Mortem</p>
Sortie,618,,,,,,<p>Motif de la sortie : Mortem</p>
Sortie,619,1408,,,,,<p>Motif de la sortie : Eleccio</p>
Sortie,620,1473-11-28,,,,,<p>Motif de la sortie : Mortem</p>
Sortie,623,1479-05-13,,,,,<p>Motif de la sortie : Mortem</p>
Sortie,624,1450,,,,,<p>Motif de la sortie : Mortem</p>
Sortie,626,,,,,,<p>Motif de la sortie : Resignacio</p>
Sortie,627,,,,,,<p>Motif de la sortie : Resignacio</p>
Sortie,630,,,,,,<p>Motif de la sortie : Mortem</p>
Sortie,635,,,,,,<p>Motif de la sortie : Mortem</p>
Sortie,649,1400-01,,,,,<p>Motif de la sortie : Mortem</p>
Sortie,649,1502-03-24,,,,,<p>Motif de la sortie : Mortem</p>
Sortie,651,1451-07-31,,,,,<p>Motif de la sortie : Resignacio</p>
Sortie,652,1400-01,,,,,<p>Motif de la sortie : Mortem</p>
Sortie,652,1502-03-24,,,,,<p>Motif de la sortie : Mortem</p>
Sortie,665,1409,,,,,<p>Motif de la sortie : Eleccio</p>
Sortie,668,,,,,,<p>Motif de la sortie : Mortem</p>
Sortie,669,1461,,,,,<p>Motif de la sortie : Permutacio</p>
Sortie,670,1488,,,,,<p>Motif de la sortie : Autre</p>
Sortie,671,,,,,,<p>Motif de la sortie : Mortem</p>
Sortie,672,,,,,,<p>Motif de la sortie : Mortem</p>
Sortie,674,,,,,,<p>Motif de la sortie : Eleccio</p>
Sortie,680,,,,,,<p>Motif de la sortie : Mortem</p>
Sortie,695,1472,,,,,<p>Motif de la sortie : Mortem</p>
Sortie,697,1503-04-28,,,,,<p>Motif de la sortie : Mortem</p>
Sortie,702,1451,,,,,<p>Motif de la sortie : Eleccio</p>
Sortie,707,,,,,,<p>Motif de la sortie : Eleccio</p>
Sortie,716,1479-06-11,,,,,<p>Motif de la sortie : Mortem</p>
Sortie,734,1458-10-24,,,,,<p>Motif de la sortie : Mortem</p>
Sortie,737,1496-06-25,,,,,<p>Motif de la sortie : Mortem</p>
Sortie,738,1399-12-05,,,,,<p>Motif de la sortie : Mortem</p>
Sortie,740,,,,,,<p>Motif de la sortie : Resignacio</p>
Sortie,742,1467-04-24,,,,,<p>Motif de la sortie : Mortem</p>
Sortie,747,,,,,,<p>Motif de la sortie : Eleccio</p>
Sortie,749,1392-11-30,,,,,<p>Motif de la sortie : Mortem</p>
Sortie,750,1504-02-20,,,,,<p>Motif de la sortie : Mortem</p>
Sortie,751,1419,,,,,<p>Motif de la sortie : Mortem</p>
Sortie,752,1420,,,,,<p>Motif de la sortie : Mortem</p>
Sortie,753,1419-04-24,,,,,<p>Motif de la sortie : Mortem</p>
Sortie,763,1467-04-24,,,,,<p>Motif de la sortie : Mortem</p>
Sortie,764,1420,,,,,<p>Motif de la sortie : Mortem</p>
Sortie,766,1481-01-31,,,,,<p>Motif de la sortie : Mortem</p>
Sortie,771,1393,,,,,<p>Motif de la sortie : Mortem</p>
Sortie,772,,,,,,<p>Motif de la sortie : Eleccio</p>
Sortie,773,1360,,,,,<p>Motif de la sortie : Mortem</p>
Sortie,774,1397,,,,,<p>Motif de la sortie : Mortem</p>
Sortie,775,1482-07-21,,,,,<p>Motif de la sortie : Mortem</p>
Sortie,778,,,,,,<p>Motif de la sortie : Eleccio</p>
Sortie,783,1436,,,,,<p>Motif de la sortie : Mortem</p>
Sortie,784,1418,,,,,<p>Motif de la sortie : Mortem</p>
Sortie,788,1482,,,,,<p>Motif de la sortie : Mortem</p>
Sortie,789,,,,,,<p>Motif de la sortie : Resignacio</p>
Sortie,793,1466-09-23,,,,,<p>Motif de la sortie : Mortem</p>
Sortie,796,1409,,,,,<p>Motif de la sortie : Eleccio</p>
Sortie,806,,,,,,<p>Motif de la sortie : Eleccio</p>
Sortie,807,1461,,,,,<p>Motif de la sortie : Mortem</p>
Sortie,811,1464-07-27,,,,,<p>Motif de la sortie : Mortem</p>
Sortie,812,1421,,,,,<p>Motif de la sortie : Mortem</p>
Sortie,812,1463-08,,,,,<p>Motif de la sortie : Mortem</p>
Sortie,813,1421,,,,,<p>Motif de la sortie : Mortem</p>
Sortie,813,1463-08,,,,,<p>Motif de la sortie : Mortem</p>
Sortie,816,,,,,,<p>Motif de la sortie : Eleccio</p>
Sortie,819,1474,,,,,<p>Motif de la sortie : Mortem</p>
Sortie,820,1495-01-10,,,,,<p>Motif de la sortie : Mortem</p>
Sortie,822,1484-10-16,,,,,<p>Motif de la sortie : Mortem</p>
Sortie,832,1464-04-22,,,,,<p>Motif de la sortie : Mortem</p>
Sortie,833,,,,,,<p>Motif de la sortie : Eleccio</p>
Sortie,835,1400,,,,,<p>Motif de la sortie : Mortem</p>
Sortie,839,1419,,,,,<p>Motif de la sortie : Mortem</p>
Sortie,841,1486-05-12,,,,,<p>Motif de la sortie : Mortem</p>
Sortie,843,1411,,,,,<p>Motif de la sortie : Mortem</p>
Sortie,846,1425-05-12,,,,,<p>Motif de la sortie : Mortem</p>
Sortie,851,1468,,,,,<p>Motif de la sortie : Mortem</p>
Sortie,854,1468-02-24,,,,,<p>Motif de la sortie : Mortem</p>
Achat d'une maison canoniale,3,1402,,10,,,
Achat d'une maison canoniale,12,1469-04-15,,10,,,
Achat d'une maison canoniale,15,1400-02-13,,10,,,
Achat d'une maison canoniale,29,1409-12-30,,10,,,
Achat d'une maison canoniale,34,1465,,10,,,
Achat d'une maison canoniale,37,1413-10_16,,10,,,
Achat d'une maison canoniale,58,1416-12-18,,10,,,
Achat d'une maison canoniale,130,1444-02,,10,,,
Achat d'une maison canoniale,137,1477,,10,,,
Achat d'une maison canoniale,143,1476,,10,,,
Achat d'une maison canoniale,162,1369-02-25,,10,,,
Achat d'une maison canoniale,176,1420,,10,,,
Achat d'une maison canoniale,223,1447-01-09,,10,,,
Achat d'une maison canoniale,224,1452,,10,,,
Achat d'une maison canoniale,226,1367,,10,,,
Achat d'une maison canoniale,230,1446,,10,,,
Achat d'une maison canoniale,244,1501,,10,,,
Achat d'une maison canoniale,245,1370-11-18,,10,,,
Achat d'une maison canoniale,246,1469-01-23,,10,,,
Achat d'une maison canoniale,249,1441-01-23,,10,,,
Achat d'une maison canoniale,251,1501,,10,,,
Achat d'une maison canoniale,258,1406-06-11,,10,,,
Achat d'une maison canoniale,265,1400-02-06,,10,,,
Achat d'une maison canoniale,268,1451,,10,,,
Achat d'une maison canoniale,270,1449,,10,,,
Achat d'une maison canoniale,273,1459,,10,,,
Achat d'une maison canoniale,281,1434,,10,,,
Achat d'une maison canoniale,291,1468-08-05,,10,,,
Achat d'une maison canoniale,317,1459,,10,,,
Achat d'une maison canoniale,319,1484-11-19,,10,,,
Achat d'une maison canoniale,337,1417-03-02,,10,,,
Achat d'une maison canoniale,350,1451-08-11,,10,,,
Achat d'une maison canoniale,407,1429,,10,,,
Achat d'une maison canoniale,427,1485-02-18,,10,,,
Achat d'une maison canoniale,428,1485-02-18,,10,,,
Achat d'une maison canoniale,462,1488-06-30,,10,,,
Achat d'une maison canoniale,477,1482-11-06,,10,,,
Achat d'une maison canoniale,489,1452,,10,,,
Achat d'une maison canoniale,498,1409-12-30,,10,,,
Achat d'une maison canoniale,513,1462-10-27,,10,,,
Achat d'une maison canoniale,514,1495-01-23,,10,,,
Achat d'une maison canoniale,530,1411-12-16,,10,,,
Achat d'une maison canoniale,542,1446,,10,,,
Achat d'une maison canoniale,569,1446,,10,,,
Achat d'une maison canoniale,577,1454-12-18,,10,,,
Achat d'une maison canoniale,579,1399-11-15,,10,,,
Achat d'une maison canoniale,582,1445-09-18,,10,,,
Achat d'une maison canoniale,601,1468-10-14,,10,,,
Achat d'une maison canoniale,608,1416-06-01,,10,,,
Achat d'une maison canoniale,614,1416-06-01,,10,,,
Achat d'une maison canoniale,615,1416-06-01,,10,,,
Achat d'une maison canoniale,623,1451-09-03,,10,,,
Achat d'une maison canoniale,624,1446,,10,,,
Achat d'une maison canoniale,641,1399-12-13,,10,,,
Achat d'une maison canoniale,668,1467-08-19,,10,,,
Achat d'une maison canoniale,670,1468-02-24,,10,,,
Achat d'une maison canoniale,737,1483-08-26,,10,,,
Achat d'une maison canoniale,748,1393,,10,,,
Achat d'une maison canoniale,750,1501,,10,,,
Achat d'une maison canoniale,785,1412-11-12,,10,,,
Achat d'une maison canoniale,800,1359,,10,,,
Achat d'une maison canoniale,812,1427,,10,,,
Achat d'une maison canoniale,813,1427,,10,,,
Achat d'une maison canoniale,820,1479-06-09,,10,,,
Achat d'une maison canoniale,826,1364,,10,,,
Achat d'une maison canoniale,840,1368-12-04,,10,,,
Achat d'une maison canoniale,850,1452,,10,,,
Entrée,2,,,187,,,<p>Début d'exercice des offices dans la chapelle.</p>
Entrée,80,,,164,,,<p>Début d'exercice des offices dans la chapelle.</p>
Entrée,82,1431,,185,,,<p>Début d'exercice des offices dans la chapelle.</p>
Entrée,106,,,175,,,<p>Début d'exercice des offices dans la chapelle.</p>
Entrée,146,,,169,,,<p>Début d'exercice des offices dans la chapelle.</p>
Entrée,203,,,203,,,<p>Début d'exercice des offices dans la chapelle.</p>
Entrée,204,,,184,,,<p>Début d'exercice des offices dans la chapelle.</p>
Entrée,205,,,184,,,<p>Début d'exercice des offices dans la chapelle.</p>
Entrée,255,1450,,172,,,<p>Début d'exercice des offices dans la chapelle.</p>
Entrée,308,,,210,,,<p>Début d'exercice des offices dans la chapelle.</p>
Entrée,330,,,193,,,<p>Début d'exercice des offices dans la chapelle.</p>
Entrée,330,,,212,,,<p>Début d'exercice des offices dans la chapelle.</p>
Entrée,376,,,190,,,<p>Début d'exercice des offices dans la chapelle.</p>
Entrée,397,,,214,,,<p>Début d'exercice des offices dans la chapelle.</p>
Entrée,398,,,173,,,<p>Début d'exercice des offices dans la chapelle.</p>
Entrée,430,,,168,,,<p>Début d'exercice des offices dans la chapelle.</p>
Entrée,466,,,194,,,<p>Début d'exercice des offices dans la chapelle.</p>
Entrée,468,,,175,,,<p>Début d'exercice des offices dans la chapelle.</p>
Entrée,472,,,175,,,<p>Début d'exercice des offices dans la chapelle.</p>
Entrée,478,1452,,210,,,<p>Début d'exercice des offices dans la chapelle.</p>
Entrée,497,,,198,,,<p>Début d'exercice des offices dans la chapelle.</p>
Entrée,551,,,195,,,<p>Début d'exercice des offices dans la chapelle.</p>
Entrée,557,,,212,,,<p>Début d'exercice des offices dans la chapelle.</p>
Entrée,557,,,164,,,<p>Début d'exercice des offices dans la chapelle.</p>
Entrée,559,1392,,198,,,<p>Début d'exercice des offices dans la chapelle.</p>
Entrée,560,,,184,,,<p>Début d'exercice des offices dans la chapelle.</p>
Entrée,571,,,175,,,<p>Début d'exercice des offices dans la chapelle.</p>
Entrée,585,,,175,,,<p>Début d'exercice des offices dans la chapelle.</p>
Entrée,598,1394,,196,,,<p>Début d'exercice des offices dans la chapelle.</p>
Entrée,711,,,190,,,<p>Début d'exercice des offices dans la chapelle.</p>
Entrée,718,,,212,,,<p>Début d'exercice des offices dans la chapelle.</p>
Entrée,718,,,213,,,<p>Début d'exercice des offices dans la chapelle.</p>
Entrée,718,,,215,,,<p>Début d'exercice des offices dans la chapelle.</p>
Entrée,798,1460,,176,,,<p>Début d'exercice des offices dans la chapelle.</p>
Entrée,799,,,190,,,<p>Début d'exercice des offices dans la chapelle.</p>
Entrée,839,,,201,,,<p>Début d'exercice des offices dans la chapelle.</p>
Entrée,841,,,172,,,<p>Début d'exercice des offices dans la chapelle.</p>
Choix de la sépulture,269,,,177,,,
Choix de la sépulture,270,,,177,,,
Choix de la sépulture,283,,,179,,,
Choix de la sépulture,296,,,186,,,
Choix de la sépulture,384,,,179,,,
Choix de la sépulture,582,,,179,,,
